id,name,host_id,host_name,neighbourhood_group,neighbourhood,latitude,longitude,room_type,price,minimum_nights,number_of_reviews,last_review,reviews_per_month,calculated_host_listings_count,availability_365,number_of_reviews_ltm,license
505101,Home in Bozeman · ★4.97 · 2 bedrooms · 2 beds · 2 baths,2490712,Stacie,,Bozeman,45.67934,-111.04756,Entire home/apt,160,3,215,2023-04-17,1.65,1,243,32,
1913774,Guesthouse in Bozeman · ★4.97 · 1 bedroom · 1 bed · 1 bath,9892898,Brian,,Bozeman,45.68399,-111.03989,Entire home/apt,137,3,404,2023-05-11,3.50,1,235,45,
1950545,Home in Bozeman · ★4.73 · 1 bedroom · 2 beds · 1.5 baths,8224408,Paul,,Bozeman,45.6843,-111.03167,Entire home/apt,208,3,35,2022-10-26,0.32,20,307,3,
2390321,Rental unit in Bozeman · ★4.95 · 1 bedroom · 1 bed · 1 bath,7849959,Irene,,Bozeman,45.67429,-111.03419,Entire home/apt,193,3,41,2023-01-01,0.48,2,355,3,
2536175,Home in Bozeman · ★4.78 · 3 bedrooms · 3 beds · 2 baths,8287259,Kris And Alex,,Bozeman,45.66459,-111.0391,Entire home/apt,196,3,251,2023-04-22,2.32,1,278,33,
2839082,Home in Bozeman · ★4.97 · 2 bedrooms · 2 beds · 1 bath,1577112,Zack,,Bozeman,45.67517,-111.03342,Entire home/apt,493,2,63,2022-10-02,0.70,1,358,5,
2968623,Guesthouse in Bozeman · ★4.95 · 1 bedroom · 1 bed · 1 bath,15146634,Frances,,Bozeman,45.67236,-111.04979,Entire home/apt,125,3,167,2023-04-25,1.76,1,3,19,
4008507,Guest suite in Bozeman · ★4.98 · 1 bedroom · 2 beds · 1 bath,20738079,Lori,,Bozeman,45.66932,-111.04256,Entire home/apt,198,1,191,2023-05-11,1.98,1,275,44,
4116964,Home in Bozeman · ★4.85 · 1 bedroom · 2 beds · 1 private bath,7722453,Rachel,,Bozeman,45.65909,-111.01448,Private room,84,4,71,2022-10-20,0.68,3,67,6,
4134363,Place to stay in Bozeman · ★4.93 · 1 bedroom · 2 beds · 1 bath,21447984,Sharon,,Bozeman,45.6702,-111.04073,Entire home/apt,265,4,81,2022-10-03,0.78,1,209,9,
6662056,Home in Bozeman · ★4.83 · 4 bedrooms · 5 beds · 2.5 baths,34871220,Ehson,,Bozeman,45.66051,-111.02333,Entire home/apt,399,3,152,2023-03-20,1.61,1,269,23,
6783856,Townhouse in Bozeman · ★4.93 · 2 bedrooms · 2 beds · 2 baths,35514344,Janette,,Bozeman,45.67985,-111.08666,Entire home/apt,175,28,15,2021-03-07,0.16,1,253,0,
6800497,Guesthouse in Bozeman · ★4.92 · 1 bedroom · 3 beds · 1 bath,16264310,Kent,,Bozeman,45.67852,-111.0348,Entire home/apt,174,2,310,2023-04-23,3.46,1,320,48,
6881306,Rental unit in Bozeman · ★4.84 · 1 bedroom · 1 bed · 1 bath,36057505,Kathi,,Bozeman,45.68118,-111.03996,Entire home/apt,146,29,56,2022-11-03,0.80,1,161,5,
6970499,Rental unit in Bozeman · ★4.87 · 1 bedroom · 2 beds · 1 bath,36548325,Doug,,Bozeman,45.68094,-111.04362,Entire home/apt,90,3,334,2023-05-05,3.71,2,0,32,
7480329,Condo in Bozeman · ★5.0 · 2 bedrooms · 2 beds · 2 baths,3437116,Jill,,Bozeman,45.67166,-111.03128,Entire home/apt,187,14,9,2021-12-12,0.11,1,273,0,
7694423,Guesthouse in Bozeman · ★4.85 · 1 bedroom · 1 bed · 1 bath,40166238,Sunny,,Bozeman,45.68181,-111.0953,Entire home/apt,159,28,28,2023-02-26,0.30,2,281,10,
7809335,Home in Bozeman · ★4.95 · 2 bedrooms · 3 beds · 1.5 baths,18706726,Otto,,Bozeman,45.67271,-111.03633,Entire home/apt,699,3,59,2022-08-28,0.63,1,207,2,
7855037,Townhouse in Bozeman · ★4.94 · 3 bedrooms · 3 beds · 2.5 baths,14843944,Laura,,Bozeman,45.70654,-111.0227,Entire home/apt,299,2,148,2023-03-18,1.59,1,286,14,
8016791,Home in Bozeman · ★4.99 · 4 bedrooms · 5 beds · 2 baths,19523133,Pele,,Bozeman,45.68367,-111.03269,Entire home/apt,285,2,158,2023-05-01,1.82,2,212,23,
8131484,Rental unit in Bozeman · ★4.92 · 1 bedroom · 2 beds · 1 bath,42939495,Mary,,Bozeman,45.67562,-111.05268,Entire home/apt,165,3,180,2023-04-25,2.03,1,229,23,
8248642,Condo in Bozeman · ★4.98 · 2 bedrooms · 5 beds · 2 baths,23268299,Jenny,,Bozeman,45.67866,-111.0223,Entire home/apt,311,3,45,2023-04-02,0.61,1,221,12,
8471627,Rental unit in Bozeman · ★4.93 · 2 bedrooms · 3 beds · 1 bath,44596719,Jade,,Bozeman,45.68157,-111.03424,Entire home/apt,167,1,607,2023-05-10,8.03,2,257,101,
8522409,Guesthouse in Bozeman · ★4.98 · 2 bedrooms · 2 beds · 1 bath,44874042,Amy,,Bozeman,45.67903,-111.10261,Entire home/apt,163,3,232,2023-05-09,2.72,1,280,34,
8616625,Home in Bozeman · ★4.91 · 3 bedrooms · 4 beds · 2 baths,32568100,Andrew,,Bozeman,45.67499,-111.04641,Entire home/apt,216,2,172,2023-04-16,1.88,1,83,26,
9131418,Home in Bozeman · ★5.0 · 3 bedrooms · 3 beds · 2 baths,7722453,Rachel,,Bozeman,45.66121,-111.01632,Entire home/apt,395,10,3,2021-06-25,0.05,3,105,0,
9588650,Rental unit in Bozeman · ★4.97 · 1 bedroom · 1 bed · 1 bath,49630888,Amy,,Bozeman,45.682587,-111.041031,Entire home/apt,175,1,441,2023-02-28,4.87,1,165,29,
9615182,Hostel in Bozeman · ★4.68 · 1 bedroom · 6 beds · 2 shared baths,49746531,Nina,,Bozeman,45.6801,-111.03611,Hotel room,31,1,290,2023-05-07,3.20,5,320,61,
9615473,Hostel in Bozeman · ★4.60 · 1 bedroom · 1 bed · 2 shared baths,49746531,Nina,,Bozeman,45.67899,-111.03531,Hotel room,51,1,199,2023-04-20,2.24,5,254,44,
9739788,Hostel in Bozeman · ★4.51 · 1 bedroom · 4 beds · 2 shared baths,49746531,Nina,,Bozeman,45.67957,-111.03632,Hotel room,40,1,160,2023-03-27,1.94,5,326,44,
9740033,Hostel in Bozeman · ★4.61 · 1 bedroom · 3 beds · 2 shared baths,49746531,Nina,,Bozeman,45.67906,-111.03545,Shared room,30,1,75,2023-04-27,0.87,5,336,8,
9882706,Home in Bozeman · ★4.83 · 3 bedrooms · 3 beds · 2 baths,50844446,Jaymie,,Bozeman,45.71358,-111.08007,Entire home/apt,215,28,6,2022-09-26,0.57,2,227,6,
10194083,Home in Bozeman · ★4.99 · 2 bedrooms · 2 beds · 1 bath,52362737,Terra,,Bozeman,45.67552,-111.03353,Entire home/apt,249,3,114,2023-02-27,1.32,1,98,16,
10282173,Home in Bozeman · 2 bedrooms · 2 beds · 1 bath,8979185,Laura,,Bozeman,45.67211,-111.04605,Entire home/apt,174,30,1,2023-01-30,0.29,1,151,1,
10616342,Hostel in Bozeman · ★4.64 · 1 bedroom · 1 bed · 2 shared baths,49746531,Nina,,Bozeman,45.67908,-111.03689,Hotel room,73,1,122,2023-04-27,1.44,5,256,52,
11337733,Guest suite in Bozeman · ★4.91 · 1 bedroom · 1 bed · 1 bath,59339691,Allison,,Bozeman,45.68087,-111.04582,Entire home/apt,126,2,399,2023-03-19,4.60,1,257,52,
11379100,Home in Bozeman · ★4.81 · Studio · 1 bed · 1 bath,8224408,Paul,,Bozeman,45.6822,-111.0293,Entire home/apt,132,4,120,2023-04-04,1.37,20,294,19,
11394263,Home in Bozeman · ★5.0 · 3 bedrooms · 4 beds · 2.5 baths,59781492,Andrew,,Bozeman,45.6923,-111.08861,Entire home/apt,133,30,7,2023-03-10,0.09,1,280,2,
12155819,Condo in Bozeman · ★5.0 · 2 bedrooms · 2 beds · 2 baths,21848555,Barry,,Bozeman,45.68625,-111.06349,Entire home/apt,180,30,10,2022-08-23,0.12,1,317,5,
12675495,Townhouse in Bozeman · ★4.93 · 3 bedrooms · 5 beds · 1 bath,68872256,Meagan And Michael,,Bozeman,45.66973,-111.0346,Entire home/apt,150,2,413,2023-05-11,4.93,2,258,28,
13747912,Home in Bozeman · ★4.85 · 1 bedroom · 2 beds · 1 bath,80521705,Anna,,Bozeman,45.67934,-111.02765,Entire home/apt,157,1,319,2023-05-10,3.84,1,312,60,
13797463,Rental unit in Bozeman · ★4.81 · 2 bedrooms · 2 beds · 1 bath,81112095,Serena,,Bozeman,45.67961,-111.05036,Entire home/apt,110,3,196,2023-04-09,2.35,1,152,21,
13837307,Rental unit in Bozeman · ★4.91 · 1 bedroom · 1 bed · 1 bath,528052,Vicki,,Bozeman,45.66955,-111.04226,Entire home/apt,75,30,117,2022-05-13,1.40,1,90,1,
14041374,Home in Bozeman · ★5.0 · 5 bedrooms · 6 beds · 3.5 baths,20987607,Jacki,,Bozeman,45.65509,-111.0409,Entire home/apt,360,3,7,2021-06-10,0.09,1,14,0,
14093005,Home in Bozeman · ★4.95 · 4 bedrooms · 5 beds · 2 baths,74996144,Gary,,Bozeman,45.66933,-111.03101,Entire home/apt,366,2,129,2023-04-14,1.56,1,283,18,
14487902,Condo in Bozeman · ★4.85 · 3 bedrooms · 8 beds · 2 baths,77150382,Mary,,Bozeman,45.6898,-111.11642,Entire home/apt,214,2,74,2023-03-11,0.92,1,283,11,
14769819,Home in Bozeman · ★4.89 · 1 bedroom · 1 bed · 1 private bath,84377290,E-T,,Bozeman,45.66015,-111.03341,Private room,58,30,183,2022-09-08,2.40,1,277,1,
15284883,Loft in Bozeman · ★4.92 · 1 bedroom · 2 beds · 1 bath,97282807,Natalie,,Bozeman,45.68485,-111.03929,Entire home/apt,178,3,63,2023-02-19,0.79,1,47,1,
15425714,Home in Bozeman · ★4.67 · 2 bedrooms · 3 beds · 1 bath,91012372,Peter,,Bozeman,45.67063,-111.04495,Entire home/apt,85,30,12,2023-01-31,0.15,3,228,3,
15566255,Condo in Bozeman · ★4.76 · 3 bedrooms · 5 beds · 2.5 baths,78849013,Stay Montana,,Bozeman,45.70827,-111.07428,Entire home/apt,176,3,21,2023-02-19,0.39,13,279,8,
15579746,Condo in Bozeman · ★4.67 · 1 bedroom · 2 beds · 1 bath,78849013,Stay Montana,,Bozeman,45.68026,-111.03906,Entire home/apt,87,30,6,2022-01-01,0.10,13,231,0,
15828087,Townhouse in Bozeman · 3 bedrooms · 6 beds · 2.5 baths,22877888,Shaun & Nathalie,,Bozeman,45.72913,-111.06856,Entire home/apt,370,2,0,,,1,64,0,
16064719,Home in Bozeman · ★4.78 · 3 bedrooms · 3 beds · 2 baths,104010331,Dream MT,,Bozeman,45.68142,-111.03857,Entire home/apt,660,2,79,2023-04-01,1.10,12,249,16,
16135754,Condo in Bozeman · ★4.98 · 2 bedrooms · 3 beds · 2 baths,91012372,Peter,,Bozeman,45.67856,-111.02402,Entire home/apt,232,3,51,2023-05-09,0.68,3,199,36,
16274835,Guesthouse in Bozeman · ★4.86 · 1 bedroom · 2 beds · 1 bath,106429221,Vacation Homes Bozeman,,Bozeman,45.682135,-111.0975582,Entire home/apt,177,2,80,2023-01-24,1.04,5,132,11,
16498232,Home in Bozeman · ★4.91 · 1 bedroom · 1 bed · 1 private bath,77559702,Joe,,Bozeman,45.67798,-111.07694,Private room,49,1,162,2023-05-01,2.20,1,331,44,
16504338,Home in Bozeman · ★4.97 · 3 bedrooms · 3 beds · 2.5 baths,68913845,Julia,,Bozeman,45.6899,-111.05682,Entire home/apt,193,2,151,2023-05-07,1.96,1,264,23,
16531635,Home in Bozeman · ★4.87 · 3 bedrooms · 4 beds · 2 baths,104010331,Dream MT,,Bozeman,45.64436,-111.06492,Entire home/apt,629,2,23,2023-03-15,0.31,12,331,5,
16546683,Cabin in Bozeman · ★4.98 · 3 bedrooms · 3 beds · 2 baths,103773075,Bozeman Montana,,Bozeman,45.687469,-111.033318,Entire home/apt,268,3,105,2023-04-02,1.39,4,216,21,
16650024,Rental unit in Bozeman · ★4.96 · 2 bedrooms · 3 beds · 2 baths,110052520,Jeanette,,Bozeman,45.68715,-111.06393,Entire home/apt,127,2,255,2023-05-09,3.36,1,29,43,
16662749,Home in Bozeman · ★4.92 · 3 bedrooms · 4 beds · 2.5 baths,106429221,Vacation Homes Bozeman,,Bozeman,45.6890338,-111.1083844,Entire home/apt,337,2,37,2021-09-28,0.50,5,101,0,
16881888,Rental unit in Bozeman · ★5.0 · 1 bedroom · 1 bed · 1 bath,7849959,Irene,,Bozeman,45.67871,-111.03395,Entire home/apt,100,30,5,2022-09-16,0.12,2,287,1,
17606899,Condo in Bozeman · ★4.92 · 2 bedrooms · 3 beds · 2 baths,78849013,Stay Montana,,Bozeman,45.70701,-111.01881,Entire home/apt,217,3,24,2023-03-18,0.34,13,236,6,
17646492,Home in Bozeman · ★4.90 · 3 bedrooms · 4 beds · 2 baths,13339065,Amy,,Bozeman,45.66181945800781,-111.02143859863281,Entire home/apt,241,3,75,2023-03-13,1.02,1,97,11,
18242184,Rental unit in Bozeman · ★4.95 · 1 bedroom · 1 bed · 1 bath,125690435,Kim & Cody,,Bozeman,45.68343,-111.1023,Entire home/apt,170,3,107,2023-04-30,1.46,1,287,16,
18309166,Guesthouse in Bozeman · ★4.98 · 1 bedroom · 2 beds · 1 bath,55985011,Jylissa & Derrick,,Bozeman,45.71099,-111.08107,Entire home/apt,150,30,43,2022-10-08,0.59,1,104,4,
18428989,Condo in Bozeman · ★5.0 · 3 bedrooms · 4 beds · 2 baths,78849013,Stay Montana,,Bozeman,45.70474,-111.02842,Entire home/apt,106,30,5,2022-04-08,0.09,13,95,0,
18509621,Rental unit in Bozeman · ★4.88 · 2 bedrooms · 2 beds · 1 bath,121782093,Samantha,,Bozeman,45.68146,-111.04453,Entire home/apt,165,1,505,2023-04-28,6.91,3,0,109,
18610457,Townhouse in Bozeman · ★4.90 · 3 bedrooms · 5 beds · 1 bath,68872256,Meagan And Michael,,Bozeman,45.66934,-111.03514,Entire home/apt,149,2,326,2023-04-09,4.56,2,272,31,
18723425,Home in Bozeman · ★4.83 · 3 bedrooms · 4 beds · 2 baths,129302024,Dan & Alex,,Bozeman,45.6864,-111.08876,Entire home/apt,100,30,19,2023-01-10,0.27,1,114,3,
18756607,Rental unit in Bozeman · ★4.94 · Studio · 1 bed · 1 bath,130503649,Lisa,,Bozeman,45.71859,-111.06558,Entire home/apt,138,1,306,2023-04-29,4.20,2,291,30,
18876596,Rental unit in Bozeman · ★4.83 · 2 bedrooms · 4 beds · 1 bath,130503649,Lisa,,Bozeman,45.71294,-111.05649,Entire home/apt,164,1,223,2023-05-07,3.67,2,318,48,
19738080,Condo in Bozeman · ★4.30 · 1 bedroom · 2 beds · 1 bath,78849013,Stay Montana,,Bozeman,45.67872,-111.03943,Entire home/apt,69,30,10,2022-11-21,0.17,13,197,2,
19804136,Home in Bozeman · ★4.62 · 2 bedrooms · 2 beds · 1 bath,400800596,Hollis,,Bozeman,45.67595,-111.05525,Entire home/apt,109,1,411,2023-04-20,5.94,1,268,68,
19986314,Home in Bozeman · ★4.75 · 2 bedrooms · 2 beds · 1 bath,121782093,Samantha,,Bozeman,45.68163,-111.04895,Entire home/apt,170,1,381,2023-04-26,5.48,3,37,103,
20468639,Home in Bozeman · ★4.71 · 1 bedroom · 1 bed · 1 private bath,146144535,Josh,,Bozeman,45.68576,-111.05565,Private room,82,1,452,2023-04-28,6.48,1,100,92,
20904027,Camper/RV in Bozeman · ★4.90 · 1 bedroom · 2 beds · 1 bath,7831671,Lei-Anna & Troy,,Bozeman,45.69246,-111.02395,Entire home/apt,57,1,164,2023-03-31,2.42,1,122,26,
21026158,Home in Bozeman · ★4.82 · 3 bedrooms · 5 beds · 3.5 baths,122381278,Evolve,,Bozeman,45.70092,-111.09442,Entire home/apt,212,2,39,2023-04-02,0.58,12,293,17,
21391763,Townhouse in Bozeman · ★4.97 · 3 bedrooms · 3 beds · 2 baths,451115341,Jessica,,Bozeman,45.68079,-111.09808,Entire home/apt,224,2,156,2023-04-27,2.34,1,172,27,
21436733,Condo in Bozeman · ★4.89 · 3 bedrooms · 3 beds · 2 baths,106429221,Vacation Homes Bozeman,,Bozeman,45.691377,-111.1156164,Entire home/apt,279,2,38,2023-05-03,0.60,5,126,8,
21563216,Rental unit in Bozeman · ★4.85 · 1 bedroom · 2 beds · 1 bath,147544279,Catrina,,Bozeman,45.68053,-111.04321,Entire home/apt,108,1,383,2023-05-11,5.80,1,86,104,
21836263,Guest suite in Bozeman · ★4.95 · 1 bedroom · 1 bed · 1 bath,150488129,Sandy,,Bozeman,45.68297,-111.04168,Entire home/apt,57,2,247,2023-05-09,3.75,1,8,31,
22010637,Home in Bozeman · ★4.96 · 3 bedrooms · 3 beds · 2.5 baths,100568826,Victoria,,Bozeman,45.69658,-111.08269,Entire home/apt,133,1,353,2023-04-30,5.39,1,323,91,
22031067,Townhouse in Bozeman · ★4.82 · 3 bedrooms · 4 beds · 2.5 baths,158595657,Mountain Home,,Bozeman,45.70651,-111.01959,Entire home/apt,365,1,11,2023-03-28,0.30,23,265,6,
22031078,Home in Bozeman · ★5.0 · 4 bedrooms · 9 beds · 3 baths,158595657,Mountain Home,,Bozeman,45.67244,-111.03835,Entire home/apt,571,1,14,2023-04-27,0.42,23,174,6,
22031083,Townhouse in Bozeman · ★4.85 · 2 bedrooms · 2 beds · 2 baths,158595657,Mountain Home,,Bozeman,45.70629,-111.01963,Entire home/apt,261,1,13,2023-03-14,0.26,23,289,9,
22031084,Townhouse in Bozeman · ★4.77 · 3 bedrooms · 4 beds · 2.5 baths,158595657,Mountain Home,,Bozeman,45.707085,-111.020134,Entire home/apt,359,1,22,2023-04-06,0.43,23,271,4,
22031123,Townhouse in Bozeman · ★4.94 · 4 bedrooms · 5 beds · 3.5 baths,158595657,Mountain Home,,Bozeman,45.707302,-111.020195,Entire home/apt,548,1,16,2023-03-20,0.38,23,289,8,
22031130,Townhouse in Bozeman · ★4.91 · 3 bedrooms · 4 beds · 2.5 baths,158595657,Mountain Home,,Bozeman,45.706024,-111.01967,Entire home/apt,385,1,23,2023-02-22,0.51,23,84,11,
22031171,Home in Bozeman · ★4.85 · 3 bedrooms · 4 beds · 2.5 baths,158595657,Mountain Home,,Bozeman,45.68942,-111.05661,Entire home/apt,318,1,40,2023-04-24,0.98,23,204,13,
22467914,Guest suite in Bozeman · ★4.94 · 2 bedrooms · 2 beds · 1 bath,11104779,Sarah,,Bozeman,45.67704,-111.03458,Entire home/apt,143,2,190,2023-04-30,4.63,1,165,57,
22733838,Home in Bozeman · ★4.93 · 3 bedrooms · 4 beds · 2 baths,8224408,Paul,,Bozeman,45.68285,-111.03126,Entire home/apt,208,3,14,2023-03-02,0.25,20,243,4,
22925801,Condo in Bozeman · ★4.99 · 2 bedrooms · 2 beds · 1 bath,169754903,VR Bozeman,,Bozeman,45.680634,-111.030121,Entire home/apt,232,1,170,2023-05-07,2.67,4,0,49,
23191331,Rental unit in Bozeman · ★4.86 · 2 bedrooms · 2 beds · 1 bath,121782093,Samantha,,Bozeman,45.68099,-111.04448,Entire home/apt,140,1,240,2023-04-23,3.90,3,52,70,
23250296,Rental unit in Bozeman · ★4.69 · 2 bedrooms · 2 beds · 1 bath,53829514,Above,,Bozeman,45.68696,-111.10682,Entire home/apt,228,3,32,2022-09-05,0.51,2,169,5,
23269653,Home in Bozeman · ★4.93 · 2 bedrooms · 2 beds · 1.5 baths,106429221,Vacation Homes Bozeman,,Bozeman,45.6821892292,-111.095205612,Entire home/apt,173,2,44,2023-04-22,0.70,5,152,2,
23685855,Townhouse in Bozeman · ★4.0 · 2 bedrooms · 2 beds · 1 bath,122381278,Evolve,,Bozeman,45.66914,-111.03952,Entire home/apt,96,28,7,2023-04-14,0.15,12,216,4,
23689274,Bungalow in Bozeman · ★5.0 · 3 bedrooms · 3 beds · 3 baths,24882747,Kerry,,Bozeman,45.6777,-111.04707,Entire home/apt,300,3,34,2023-04-10,0.57,1,255,10,
23945254,Home in Bozeman · ★5.0 · 2 bedrooms · 3 beds · 1 bath,8224408,Paul,,Bozeman,45.68152,-111.03121,Entire home/apt,272,3,33,2023-02-21,0.55,20,272,4,
23947268,Home in Bozeman · ★4.73 · 2 bedrooms · 4 beds · 2.5 baths,8224408,Paul,,Bozeman,45.68336,-111.02722,Entire home/apt,408,5,15,2022-06-26,0.25,20,116,2,
24075266,Home in Bozeman · ★4.98 · 1 bedroom · 1 bed · 1 private bath,176207616,Elin,,Bozeman,45.67643,-111.05135,Private room,92,1,135,2023-05-10,2.35,1,73,33,
25113972,Townhouse in Bozeman · ★4.98 · 3 bedrooms · 6 beds · 2 baths,171508189,Coleen,,Bozeman,45.67453,-111.08897,Entire home/apt,302,3,176,2023-04-10,2.93,1,104,30,
25321668,Condo in Bozeman · ★4.94 · 4 bedrooms · 4 beds · 3.5 baths,122381278,Evolve,,Bozeman,45.67941,-111.09516,Entire home/apt,281,4,35,2023-02-20,0.63,12,294,8,
25420087,Townhouse in Bozeman · ★5.0 · 3 bedrooms · 4 beds · 2.5 baths,8224408,Paul,,Bozeman,45.68168,-111.03599,Entire home/apt,477,3,25,2023-03-16,0.45,20,278,11,
25549889,Townhouse in Bozeman · ★4.79 · 2 bedrooms · 2 beds · 1 bath,36548325,Doug,,Bozeman,45.68105,-111.04218,Entire home/apt,140,3,127,2023-05-09,2.13,2,69,31,
25580821,Home in Bozeman · ★4.95 · 3 bedrooms · 4 beds · 2.5 baths,106429221,Vacation Homes Bozeman,,Bozeman,45.6827985,-111.0953193,Entire home/apt,291,2,59,2023-04-03,1.01,5,138,1,
26925982,Guesthouse in Bozeman · ★4.96 · 1 bedroom · 1 bed · 1 bath,221430490,Jen,,Bozeman,45.67895,-111.10104,Entire home/apt,125,3,80,2023-03-26,1.43,1,98,25,
27113338,Rental unit in Bozeman · ★4.81 · Studio · 1 bed · 1 bath,40166238,Sunny,,Bozeman,45.6758,-111.05427,Entire home/apt,126,28,48,2023-02-23,0.84,2,336,15,
27284221,Guest suite in Bozeman · ★4.94 · 2 bedrooms · 2 beds · 1 bath,205016195,Erik,,Bozeman,45.711734771728516,-111.0338134765625,Entire home/apt,181,2,101,2023-04-16,1.90,1,307,29,
27306044,Home in Bozeman · ★5.0 · Studio · 3 beds · 1 bath,4635454,Jeanne,,Bozeman,45.67797,-111.04238,Entire home/apt,123,31,6,2022-11-03,0.33,1,258,3,
27730357,Home in Bozeman · 4 bedrooms · 5 beds · 2 baths,209352450,Sarah,,Bozeman,45.66965,-111.04234,Entire home/apt,350,29,2,2023-02-22,0.27,1,254,2,
27854265,Home in Bozeman · ★4.95 · 1 bedroom · 1 bed · 1 private bath,7722453,Rachel,,Bozeman,45.66092,-111.01594,Private room,113,4,21,2023-04-22,0.37,3,62,5,
27988420,Townhouse in Bozeman · ★4.67 · 3 bedrooms · 4 beds · 3.5 baths,122381278,Evolve,,Bozeman,45.66926,-111.04072,Entire home/apt,152,28,3,2022-10-19,0.10,12,272,2,
28258956,Guesthouse in Bozeman · ★4.99 · 1 bedroom · 1 bed · 1 bath,213440316,Beth,,Bozeman,45.68047,-111.09926,Entire home/apt,195,2,162,2023-04-16,2.87,1,268,29,
29828057,Rental unit in Bozeman · ★4.67 · 1 bedroom · 1 bed · 1 bath,158595657,Mountain Home,,Bozeman,45.67108,-111.045105,Entire home/apt,183,1,46,2023-05-09,0.94,23,318,22,
29850904,Home in Bozeman · ★5.0 · 5 bedrooms · 6 beds · 3 baths,19565951,Brian,,Bozeman,45.65151,-111.04054,Entire home/apt,415,2,12,2020-01-01,0.22,1,20,0,
29899479,Bungalow in Bozeman · ★5.0 · 2 bedrooms · 2 beds · 1 bath,224820389,Shawna,,Bozeman,45.6808,-111.0494,Entire home/apt,105,29,3,2023-04-02,0.31,1,72,3,
30326352,Home in Bozeman · ★4.98 · 1 bedroom · 1 bed · 1 private bath,96363366,Jason,,Bozeman,45.68303,-111.04344,Private room,174,1,42,2023-02-25,2.69,1,327,29,
30397317,Loft in Bozeman · ★4.91 · Studio · 1 bed · 1 bath,58894863,Amy,,Bozeman,45.6804,-111.02024,Entire home/apt,119,1,392,2023-05-11,7.29,1,81,118,
31341829,Townhouse in Bozeman · ★4.98 · 3 bedrooms · 4 beds · 2 baths,14612117,Kietra,,Bozeman,45.6895,-111.10512,Entire home/apt,450,2,42,2023-03-14,1.05,1,97,6,
31905516,Townhouse in Bozeman · ★5.0 · 1 bedroom · 1 bed · 1.5 baths,33934983,Melissa,,Bozeman,45.68604,-111.05654,Entire home/apt,180,4,4,2022-07-12,0.08,1,278,1,
33094078,Townhouse in Bozeman · ★4.99 · 3 bedrooms · 3 beds · 2 baths,133422103,Tess,,Bozeman,45.6799,-111.07844,Entire home/apt,226,4,148,2023-05-08,2.96,1,110,30,
33241999,Condo in Bozeman · ★4.67 · 2 bedrooms · 2 beds · 2 baths,78849013,Stay Montana,,Bozeman,45.67808,-111.02338,Entire home/apt,204,2,24,2022-12-27,0.51,13,319,2,
33851416,Home in Bozeman · ★4.91 · 2 bedrooms · 3 beds · 1 bath,255480314,Mike & Emily,,Bozeman,45.68471,-111.10255,Entire home/apt,165,1,247,2023-03-26,5.49,1,8,70,
34544180,Rental unit in Bozeman · ★4.97 · 1 bedroom · 1 bed · 1 bath,74678789,Kelly,,Bozeman,45.68336,-111.10025,Entire home/apt,140,2,159,2023-03-02,3.36,1,70,37,
34889598,Cottage in Bozeman · ★5.0 · Studio · 1 bed · 1 bath,10828597,Amy,,Bozeman,45.68444,-111.02841,Entire home/apt,95,28,6,2023-05-07,0.45,1,213,4,
35577163,Home in Bozeman · ★5.0 · 2 bedrooms · 2 beds · 1 bath,8224408,Paul,,Bozeman,45.67794,-111.04981,Entire home/apt,240,3,20,2022-10-16,0.44,20,335,4,
36097634,Rental unit in Bozeman · ★4.83 · 2 bedrooms · 3 beds · 2 baths,271534497,Jason,,Bozeman,45.68858,-111.04103,Entire home/apt,194,3,36,2023-03-14,0.79,2,275,16,
36181219,Home in Bozeman · ★4.92 · 2 bedrooms · 3 beds · 1.5 baths,272118985,Robin,,Bozeman,45.68409,-111.02803,Entire home/apt,375,3,25,2022-10-02,0.54,1,178,6,
36518869,Rental unit in Bozeman · ★4.95 · 1 bedroom · 1 bed · 1 bath,274550698,Amanda,,Bozeman,45.6785,-111.09947,Entire home/apt,150,2,37,2023-02-26,0.85,1,286,12,
36798038,Condo in Bozeman · ★4.82 · 2 bedrooms · 2 beds · 2 baths,1978098,Kimberly,,Bozeman,45.66179,-111.03497,Entire home/apt,142,2,130,2023-04-23,2.81,1,341,53,
36799435,Home in Bozeman · ★4.98 · 3 bedrooms · 3 beds · 2.5 baths,177693150,Alexa,,Bozeman,45.68738,-111.05725,Entire home/apt,200,5,98,2023-04-20,2.19,1,100,22,
36931430,Guesthouse in Bozeman · ★4.96 · 1 bedroom · 2 beds · 1 bath,41269419,Chase,,Bozeman,45.69669,-111.09403,Entire home/apt,99,2,304,2023-05-08,6.60,1,165,61,
37483040,Rental unit in Bozeman · ★4.73 · 1 bedroom · 2 beds · 1 bath,21088231,Justine,,Bozeman,45.68751,-111.03102,Entire home/apt,125,1,259,2023-04-23,5.69,2,253,75,
37658979,Home in Bozeman · ★5.0 · 3 bedrooms · 5 beds · 2 baths,8224408,Paul,,Bozeman,45.67606,-111.03274,Entire home/apt,408,3,18,2022-12-18,0.40,20,272,4,
37863453,Townhouse in Bozeman · ★4.93 · 1 bedroom · 1 bed · 1 private bath,186311619,Jan,,Bozeman,45.67981,-111.07834,Private room,70,1,153,2023-05-09,3.38,1,19,54,
37878272,Rental unit in Bozeman · ★4.65 · 1 bedroom · 2 beds · 1 bath,21088231,Justine,,Bozeman,45.6877,-111.0325,Entire home/apt,96,1,291,2023-04-28,6.42,2,240,87,
38379009,Home in Bozeman · ★4.64 · 2 bedrooms · 2 beds · 1 bath,104010331,Dream MT,,Bozeman,45.68536,-111.0408,Entire home/apt,220,2,39,2023-03-12,0.89,12,336,6,
39002591,Guesthouse in Bozeman · ★4.98 · Studio · 2 beds · 1 bath,45830254,Phillip + Kristyn,,Bozeman,45.67384,-111.0551,Entire home/apt,108,2,170,2023-05-10,4.00,1,59,72,
39028561,Cottage in Bozeman · ★4.95 · 2 bedrooms · 4 beds · 2 baths,299079914,Bart,,Bozeman,45.66400909423828,-111.03108215332031,Entire home/apt,159,2,138,2023-05-08,3.16,1,267,31,
39551580,Home in Bozeman · ★4.89 · 2 bedrooms · 3 beds · 2 baths,8224408,Paul,,Bozeman,45.6861,-111.04126,Entire home/apt,240,3,19,2023-04-08,0.62,20,315,7,
39642791,Home in Bozeman · ★5.0 · 1 bedroom · 1 bed · 1 bath,304628102,Lisa,,Bozeman,45.64514,-111.0642,Entire home/apt,232,1,45,2022-10-23,1.15,4,291,9,
39951421,Home in Bozeman · ★4.91 · 4 bedrooms · 6 beds · 2 baths,8224408,Paul,,Bozeman,45.6835,-111.03673,Entire home/apt,403,3,11,2022-11-20,0.28,20,301,4,
39951635,Home in Bozeman · ★4.86 · 2 bedrooms · 3 beds · 2 baths,8224408,Paul,,Bozeman,45.68502,-111.02866,Entire home/apt,293,4,7,2022-10-03,0.18,20,345,3,
40032243,Townhouse in Bozeman · ★5.0 · 3 bedrooms · 3 beds · 2 baths,113469080,Carol And Mark,,Bozeman,45.69066,-111.10471,Entire home/apt,295,3,19,2022-12-28,1.29,1,177,16,
40064041,Home in Bozeman · ★4.89 · 3 bedrooms · 3 beds · 2 baths,27846465,Rebecca,,Bozeman,45.67565,-111.05002,Entire home/apt,219,2,96,2023-04-07,2.46,1,26,24,
40202339,Home in Bozeman · ★5.0 · 1 bedroom · 2 beds · 1 bath,310484531,Lisa,,Bozeman,45.67773,-111.0346,Entire home/apt,258,3,49,2023-04-10,1.26,1,121,5,
40806022,Rental unit in Bozeman · ★4.73 · 3 bedrooms · 4 beds · 1 bath,317251520,Katie,,Bozeman,45.68285,-111.04517,Entire home/apt,93,1,104,2023-05-11,2.71,5,43,54,
40913911,Boutique hotel in Bozeman · ★4.67 · 1 bedroom · 2 beds · 1 private bath,318737520,RSVP Hotel,,Bozeman,45.68493,-111.04574,Private room,340,1,15,2022-04-24,0.39,8,186,0,
41080693,Townhouse in Bozeman · ★4.95 · 2 bedrooms · 2 beds · 2.5 baths,206664747,Penny And Bryce,,Bozeman,45.68753,-111.10813,Entire home/apt,250,2,43,2022-11-20,1.07,1,84,13,
41296861,Condo in Bozeman · ★4.80 · 2 bedrooms · 3 beds · 1 bath,32302835,Sarah,,Bozeman,45.68301,-111.05097,Entire home/apt,156,2,182,2023-04-30,4.52,1,341,52,
41430974,Home in Bozeman · ★4.92 · 3 bedrooms · 3 beds · 1 bath,222903364,Debbie,,Bozeman,45.68406,-111.06385,Entire home/apt,194,3,112,2023-04-26,2.82,1,11,33,
41749663,Townhouse in Bozeman · ★5.0 · 3 bedrooms · 3 beds · 3 baths,329791321,Patrick,,Bozeman,45.72815,-111.06881,Entire home/apt,325,3,51,2023-02-28,1.44,1,294,13,
42307208,Guesthouse in Bozeman · 2 bedrooms · 2 beds · 1 bath,50203970,Jeff L,,Bozeman,45.67116,-111.03507,Entire home/apt,100,28,0,,,1,0,0,
42330186,Rental unit in Bozeman · ★4.98 · 2 bedrooms · 3 beds · 1 bath,80123200,Heather,,Bozeman,45.68447,-111.03725,Entire home/apt,150,1,246,2023-04-28,6.32,1,88,96,
42471467,Guesthouse in Bozeman · ★4.97 · 1 bedroom · 2 beds · 1 bath,22366054,Tessa,,Bozeman,45.68241,-111.0395,Entire home/apt,159,2,227,2023-05-03,5.94,3,267,70,
42563510,Condo in Bozeman · ★4.91 · 2 bedrooms · 2 beds · 2 baths,122381278,Evolve,,Bozeman,45.67899,-111.02318,Entire home/apt,194,2,46,2023-03-08,1.34,12,312,11,
42690670,Cottage in Bozeman · ★4.98 · 2 bedrooms · 2 beds · 2 baths,340073907,Bo And Kelley,,Bozeman,45.68404,-111.03429,Entire home/apt,217,2,101,2023-04-22,3.23,1,186,37,
42913733,Home in Bozeman · ★4.96 · 1 bedroom · 1 bed · 1 bath,2209026,Kristen,,Bozeman,45.68401,-111.02372,Entire home/apt,157,3,68,2023-03-11,2.29,2,277,45,
43516278,Guest suite in Bozeman · ★4.77 · 2 bedrooms · 3 beds · 1 bath,26925375,Loretta & Jack,,Bozeman,45.67719,-111.03413,Entire home/apt,133,1,216,2023-04-05,6.12,2,298,73,
43624070,Townhouse in Bozeman · ★4.94 · 2 bedrooms · 2 beds · 2 baths,2485195,Kay,,Bozeman,45.6602,-111.03491,Entire home/apt,139,3,67,2023-05-02,2.91,1,22,27,
43689621,Guest suite in Bozeman · ★4.90 · 1 bedroom · 1 bed · 1 bath,22056231,Kelsey,,Bozeman,45.68567,-111.0401,Entire home/apt,123,2,157,2023-05-11,4.45,1,96,72,
43745279,Home in Bozeman · ★5.0 · 6 bedrooms · 8 beds · 6.5 baths,8224408,Paul,,Bozeman,45.6774,-111.03224,Entire home/apt,1138,4,11,2023-04-16,0.40,20,260,4,
43745323,Townhouse in Bozeman · ★5.0 · 2 bedrooms · 2 beds · 2 baths,8224408,Paul,,Bozeman,45.70601,-111.02031,Entire home/apt,377,4,9,2022-07-10,0.30,20,313,2,
43745331,Home in Bozeman · ★5.0 · 2 bedrooms · 3 beds · 2 baths,8224408,Paul,,Bozeman,45.684,-111.03084,Entire home/apt,388,4,8,2023-03-18,0.25,20,215,2,
43788075,Guesthouse in Bozeman · ★4.95 · 1 bedroom · 1 bed · 1 bath,141188755,Emily,,Bozeman,45.68597,-111.02754,Entire home/apt,115,2,147,2023-05-07,4.50,1,58,52,
43928912,Condo in Bozeman · ★4.94 · 1 bedroom · 1 bed · 1 bath,169754903,VR Bozeman,,Bozeman,45.67809,-111.03002,Entire home/apt,208,1,68,2023-05-06,1.97,4,21,20,
43928924,Rental unit in Bozeman · ★4.87 · 2 bedrooms · 2 beds · 1 bath,169754903,VR Bozeman,,Bozeman,45.6781,-111.03002,Entire home/apt,196,1,62,2023-04-29,1.86,4,20,19,
44062808,Home in Bozeman · ★4.93 · 4 bedrooms · 7 beds · 2.5 baths,304628102,Lisa,,Bozeman,45.64665,-111.06628,Entire home/apt,1205,2,14,2022-08-24,0.60,4,55,6,
45027743,Guesthouse in Bozeman · ★5.0 · 1 bedroom · 1 bath,80104837,Arne,,Bozeman,45.67763,-111.03905,Entire home/apt,290,30,32,2022-10-03,1.01,1,305,9,
45034882,Guest suite in Bozeman · ★4.93 · 1 bedroom · 2 beds · 1 bath,360897760,Shane,,Bozeman,45.71243,-111.07922,Entire home/apt,143,3,45,2023-02-22,1.44,1,80,20,
45075319,Rental unit in Bozeman · ★4.99 · 1 bedroom · 1 bed · 1 bath,219957508,Luke,,Bozeman,45.69011,-111.06693,Entire home/apt,163,1,258,2023-05-07,7.91,1,54,96,
45179305,Home in Bozeman · ★4.98 · 2 bedrooms · 2 beds · 1 bath,31042092,Bri,,Bozeman,45.67617,-111.03435,Entire home/apt,375,3,49,2023-03-20,1.50,1,46,16,
45218288,Guest suite in Bozeman · ★4.86 · 1 bedroom · 1 bed · 1 bath,110835649,Suzanne,,Bozeman,45.68891,-111.07644,Entire home/apt,80,30,21,2023-01-23,0.65,1,127,5,
45381974,Home in Bozeman · ★4.70 · 3 bedrooms · 3 beds · 1 bath,317251520,Katie,,Bozeman,45.68437,-111.04516,Entire home/apt,119,2,44,2023-05-10,1.51,5,1,31,
45543284,Condo in Bozeman · ★5.0 · 1 bedroom · 2 beds · 1 bath,241117654,Abigail,,Bozeman,45.67711,-111.04583,Entire home/apt,173,2,46,2023-05-11,4.65,1,102,46,
45636583,Condo in Bozeman · ★4.92 · 1 bedroom · 2 beds · 1 bath,368324386,John,,Bozeman,45.67875,-111.04712,Entire home/apt,126,2,134,2023-05-09,4.29,1,194,52,
45825187,Condo in Bozeman · ★4.99 · 1 bedroom · 1 bed · 1 bath,27061791,Ambrose & Jill,,Bozeman,45.67891,-111.04717,Entire home/apt,176,2,100,2023-05-06,3.41,1,244,46,
45879842,Home in Bozeman · 4 bedrooms · 4 beds · 3 baths,3056473,Kelly,,Bozeman,45.6709,-111.03416,Entire home/apt,230,30,0,,,1,69,0,
45938327,Condo in Bozeman · ★5.0 · 2 bedrooms · 2 beds · 2 baths,346185897,Ashley,,Bozeman,45.69763,-111.06748,Entire home/apt,200,180,19,2022-12-18,0.61,1,195,7,
46104133,Home in Bozeman · ★4.75 · 3 bedrooms · 3 beds · 1 bath,104010331,Dream MT,,Bozeman,45.6807,-111.0418,Entire home/apt,574,3,36,2023-03-07,1.20,12,321,12,
46335623,Condo in Bozeman · ★4.99 · 1 bedroom · 2 beds · 1 bath,334582361,Kelly,,Bozeman,45.67867,-111.04667,Entire home/apt,191,2,91,2023-04-09,3.03,1,245,34,
46377655,Home in Bozeman · ★4.98 · 3 bedrooms · 3 beds · 2 baths,169754903,VR Bozeman,,Bozeman,45.6781,-111.03002,Entire home/apt,287,1,59,2023-05-07,2.39,4,48,34,
46570803,Townhouse in Bozeman · 2 bedrooms · 2 beds · 1.5 baths,8675457,Evan,,Bozeman,45.66636,-111.03807,Entire home/apt,81,30,2,2021-05-01,0.07,1,25,0,
46641566,Guest suite in Bozeman · ★4.91 · 1 bedroom · 2 beds · 1 bath,7161309,Orlando,,Bozeman,45.70194,-111.09763,Entire home/apt,100,28,23,2023-04-08,0.79,3,122,11,
47056552,Boutique hotel in Bozeman · ★4.88 · 1 bedroom · 1 bed · 1 private bath,318737520,RSVP Hotel,,Bozeman,45.68493,-111.04574,Private room,242,1,69,2023-04-21,2.39,8,185,13,
47056582,Boutique hotel in Bozeman · ★4.61 · 1 bedroom · 2 beds · 1 private bath,318737520,RSVP Hotel,,Bozeman,45.68493,-111.04574,Private room,256,1,31,2022-12-28,1.08,8,181,9,
47056646,Boutique hotel in Bozeman · ★4.93 · 1 bedroom · 1 bed · 1 private bath,318737520,RSVP Hotel,,Bozeman,45.68493,-111.04574,Private room,250,1,42,2023-04-22,1.51,8,162,7,
47056677,Boutique hotel in Bozeman · ★4.86 · 1 bedroom · 2 beds · 1 private bath,318737520,RSVP Hotel,,Bozeman,45.68493,-111.04574,Private room,320,1,7,2022-10-30,0.27,8,158,1,
47056720,Boutique hotel in Bozeman · 1 bedroom · 2 beds · 1 private bath,318737520,RSVP Hotel,,Bozeman,45.68493,-111.04574,Private room,320,1,1,2021-06-03,0.04,8,167,0,
47057068,Boutique hotel in Bozeman · ★4.83 · 1 bedroom · 2 beds · 1 private bath,318737520,RSVP Hotel,,Bozeman,45.68493,-111.04574,Private room,256,1,128,2023-04-11,4.44,8,203,38,
47097461,Boutique hotel in Bozeman · 1 bedroom · 1 bed · 1 private bath,318737520,RSVP Hotel,,Bozeman,45.68493,-111.04574,Private room,300,1,1,2021-03-14,0.04,8,198,0,
47314704,Bungalow in Bozeman · ★5.0 · 1 bedroom · 1 bed · 1 bath,304628102,Lisa,,Bozeman,45.64692,-111.06451,Entire home/apt,266,1,46,2023-03-30,1.69,4,243,15,
47359172,Condo in Bozeman · ★4.85 · 1 bedroom · 2 beds · 1 bath,78849013,Stay Montana,,Bozeman,45.69799,-111.04381,Entire home/apt,132,1,54,2023-03-12,1.96,13,0,19,
47469271,Rental unit in Bozeman · ★5.0 · 2 bedrooms · 3 beds · 1 bath,207748076,Richard,,Bozeman,45.67369,-111.05462,Entire home/apt,175,1,11,2023-01-01,0.92,1,115,11,
47501268,Guest suite in Bozeman · ★4.98 · 1 bedroom · 1 bed · 1 bath,42711132,Chris,,Bozeman,45.68314,-111.11397,Entire home/apt,156,2,63,2023-04-02,2.72,1,107,25,
47769612,Rental unit in Bozeman · ★4.91 · 3 bedrooms · 4 beds · 1 bath,374451536,Dan,,Bozeman,45.68167,-111.04303,Entire home/apt,212,2,82,2023-03-23,2.98,3,351,32,
47871817,Rental unit in Bozeman · ★4.78 · Studio · 1 bed · 1 bath,317251520,Katie,,Bozeman,45.68263,-111.0459,Entire home/apt,96,1,134,2023-05-12,5.17,5,45,80,
47885451,Condo in Bozeman · ★4.64 · 1 bedroom · 1 bed · 1 bath,158595657,Mountain Home,,Bozeman,45.692997,-111.03537,Entire home/apt,144,1,28,2023-04-23,1.04,23,281,15,
47890304,Condo in Bozeman · ★4.98 · 1 bedroom · 2 beds · 1 bath,21834257,Jacqui,,Bozeman,45.67861,-111.04845,Entire home/apt,131,2,99,2023-05-10,3.60,1,265,51,
47906487,Rental unit in Bozeman · ★4.89 · 1 bedroom · 2 beds · 1 bath,374451536,Dan,,Bozeman,45.6814,-111.04336,Entire home/apt,138,2,98,2023-04-20,3.64,3,351,40,
47976105,Home in Bozeman · ★4.76 · 1 bedroom · 1 bed · 1 shared bath,115915425,Kathy,,Bozeman,45.68898,-111.09094,Private room,27813,1,112,2023-05-12,4.12,1,44,47,
48030423,Condo in Bozeman · ★4.81 · 2 bedrooms · 2 beds · 2 baths,158595657,Mountain Home,,Bozeman,45.692997,-111.03537,Entire home/apt,233,1,26,2023-04-20,0.96,23,303,11,
48122335,Townhouse in Bozeman · ★4.99 · 1 bedroom · 2 beds · 1 bath,103773075,Bozeman Montana,,Bozeman,45.684978,-111.041138,Entire home/apt,159,2,71,2023-04-20,2.60,4,253,29,
48167177,Rental unit in Bozeman · ★4.94 · 1 bedroom · 1 bed · 1 bath,4080107,Elise,,Bozeman,45.67814,-111.04756,Entire home/apt,258,2,115,2023-04-24,4.32,2,0,51,
48168037,Rental unit in Bozeman · ★4.85 · 1 bedroom · 1 bed · 1 bath,4080107,Elise,,Bozeman,45.67814,-111.04756,Entire home/apt,235,2,131,2023-04-24,4.90,2,0,53,
48200822,Guest suite in Bozeman · ★4.99 · Studio · 1 bed · 1 bath,150728239,Jessica,,Bozeman,45.67223,-111.05334,Entire home/apt,136,2,179,2023-05-11,6.68,1,175,80,
48428210,Condo in Bozeman · ★5.0 · 1 bedroom · 1 bed · 1 bath,205470126,Chris,,Bozeman,45.69575,-111.06925,Entire home/apt,86,30,21,2022-10-11,0.81,1,0,7,
48563248,Rental unit in Bozeman · ★4.96 · 2 bedrooms · 2 beds · 2 baths,166104792,Caleb And Madison,,Bozeman,45.68246,-111.0395,Entire home/apt,222,3,68,2023-04-24,4.07,3,100,47,
48700264,Townhouse in Bozeman · ★5.0 · 3 bedrooms · 4 beds · 2.5 baths,44342268,Sam,,Bozeman,45.67977,-111.09713,Entire home/apt,248,4,18,2023-04-25,0.73,1,245,14,
48793153,Home in Bozeman · ★4.86 · 4 bedrooms · 8 beds · 2 baths,393645536,Arik And Rachel,,Bozeman,45.6886,-111.05629,Entire home/apt,532,3,42,2023-04-16,1.72,1,301,24,
48935787,Condo in Bozeman · ★4.50 · 1 bedroom · 2 beds · 1 bath,78849013,Stay Montana,,Bozeman,45.67738,-111.04844,Entire home/apt,103,1,4,2022-12-17,0.19,13,347,2,
48974287,Guesthouse in Bozeman · ★4.88 · 1 bedroom · 1 bed · 1 bath,6343008,Drew,,Bozeman,45.69076,-111.09523,Entire home/apt,114,3,24,2023-04-26,1.54,1,102,23,
48979458,Home in Bozeman · ★4.95 · 2 bedrooms · 2 beds · 2 baths,179304077,Jami,,Bozeman,45.7123,-111.07869,Entire home/apt,307,2,19,2023-03-04,0.85,1,159,8,
49045151,Home in Bozeman · ★4.88 · 2 bedrooms · 2 beds · 1 bath,174302859,Alayna,,Bozeman,45.66575,-111.04137,Entire home/apt,84,30,8,2023-05-10,0.34,1,134,6,
49073791,Home in Bozeman · ★4.80 · 3 bedrooms · 4 beds · 3 baths,104010331,Dream MT,,Bozeman,45.68423,-111.07858,Entire home/apt,581,2,10,2023-02-13,0.42,12,307,5,
49096743,Guesthouse in Bozeman · ★4.96 · 1 bedroom · 1 bed · 1 bath,395972229,Cody,,Bozeman,45.68955,-111.09403,Entire home/apt,130,2,112,2023-05-06,4.83,1,50,73,
49196937,Townhouse in Bozeman · ★5.0 · 3 bedrooms · 3 beds · 3 baths,8224408,Paul,,Bozeman,45.68184,-111.03656,Entire home/apt,418,4,5,2022-03-19,0.22,20,297,0,
49426669,Townhouse in Bozeman · ★4.67 · 3 bedrooms · 4 beds · 2 baths,398642839,Dirk,,Bozeman,45.67139,-111.05733,Entire home/apt,175,28,6,2022-07-31,0.25,1,97,1,
49479730,Home in Bozeman · ★4.94 · 1 bedroom · 1 bed · 1.5 baths,157964488,Alex,,Bozeman,45.69524,-111.08023,Private room,99,1,71,2023-04-30,2.95,1,31,35,
49563956,Home in Bozeman · ★5.0 · 1 bedroom · 1 bed · 1 bath,72406868,Jeni,,Bozeman,45.68445,-111.10134,Entire home/apt,172,1,87,2023-05-05,3.80,2,328,45,
49585772,Condo in Bozeman · ★4.93 · 1 bedroom · 2 beds · 1 bath,122381278,Evolve,,Bozeman,45.67814,-111.04756,Entire home/apt,121,3,44,2023-04-30,1.82,12,304,20,
49638052,Condo in Bozeman · ★4.88 · 1 bedroom · 2 beds · 1 bath,16439933,Caitlin,,Bozeman,45.67699,-111.04735,Entire home/apt,232,3,50,2023-03-01,2.13,1,96,22,
49733705,Guest suite in Bozeman · ★4.85 · Studio · 2 beds · 1 bath,25065063,Kura,,Bozeman,45.6834,-111.03743,Entire home/apt,99,1,159,2023-04-23,6.76,2,103,75,
49748930,Home in Bozeman · ★5.0 · 1 bedroom · 1 bed · 1 bath,158595657,Mountain Home,,Bozeman,45.683002,-111.10436,Entire home/apt,220,1,21,2022-11-27,1.38,23,220,17,
49748933,Home in Bozeman · ★4.89 · 3 bedrooms · 3 beds · 2 baths,158595657,Mountain Home,,Bozeman,45.683002,-111.10436,Entire home/apt,316,1,18,2023-04-04,0.79,23,311,12,
49808248,Townhouse in Bozeman · ★4.99 · 3 bedrooms · 4 beds · 2.5 baths,163200599,Julie,,Bozeman,45.70247,-111.07547,Entire home/apt,200,2,80,2023-04-02,3.42,1,96,36,
50075610,Condo in Bozeman · ★4.99 · 1 bedroom · 2 beds · 1 bath,219491,Elinor (Ellie),,Bozeman,45.678143,-111.047562,Entire home/apt,156,1,113,2023-05-10,4.88,3,244,60,
50191565,Townhouse in Bozeman · ★5.0 · 3 bedrooms · 3 beds · 3.5 baths,158595657,Mountain Home,,Bozeman,45.68403,-111.04221,Entire home/apt,800,1,23,2023-04-30,1.15,23,311,17,
50196973,Home in Bozeman · ★4.95 · 2 bedrooms · 2 beds · 2 baths,103773075,Bozeman Montana,,Bozeman,45.684978,-111.041138,Entire home/apt,254,3,21,2022-09-11,0.92,4,1,7,
50246548,Home in Bozeman · ★4.96 · 1 bedroom · 4 beds · 1 bath,3083856,Carrie,,Bozeman,45.678143,-111.047562,Entire home/apt,156,2,79,2023-04-21,3.66,2,226,36,
50306115,Home in Bozeman · ★4.69 · 3 bedrooms · 3 beds · 2 baths,158595657,Mountain Home,,Bozeman,45.684452,-111.03921,Entire home/apt,250,1,16,2023-04-28,0.85,23,279,12,
50323448,Townhouse in Bozeman · ★5.0 · 1 bedroom · 1 bed · 1.5 baths,32162998,Sarah,,Bozeman,45.68566,-111.06898,Private room,71,2,90,2023-04-17,3.95,2,33,60,
50372449,Home in Bozeman · ★5.0 · 3 bedrooms · 3 beds · 2 baths,8224408,Paul,,Bozeman,45.68456,-111.03168,Entire home/apt,377,3,11,2023-05-07,0.64,20,73,10,
50394284,Rental unit in Bozeman · ★4.79 · 1 bedroom · 1 bed · 1 bath,158595657,Mountain Home,,Bozeman,45.684196,-111.039215,Entire home/apt,275,1,24,2022-11-21,1.10,23,16,7,
50520697,Guest suite in Bozeman · ★4.63 · 1 bedroom · 1 bed · 1 bath,26925375,Loretta & Jack,,Bozeman,45.67571,-111.0337,Entire home/apt,129,1,27,2022-11-23,1.18,2,185,12,
50523660,Townhouse in Bozeman · 3 bedrooms · 7 beds · 2.5 baths,222135275,Lauren,,Bozeman,45.64775,-111.05836,Entire home/apt,250,30,1,2022-01-27,0.06,1,233,0,
50570285,Home in Bozeman · 3 bedrooms · 3 beds · 2 baths,147570980,Catherine,,Bozeman,45.66997,-111.04194,Entire home/apt,166,30,2,2022-10-09,0.12,2,310,1,
50675728,Condo in Bozeman · ★5.0 · 1 bedroom · 2 beds · 1 bath,87338185,Carrie,,Bozeman,45.678093,-111.046989,Entire home/apt,185,2,35,2023-02-25,2.30,2,157,21,
50708956,Condo in Bozeman · ★5.0 · 3 bedrooms · 4 beds · 2.5 baths,112975939,Haley,,Bozeman,45.69015,-111.11133,Entire home/apt,303,2,53,2023-04-29,2.36,1,317,34,
50728320,Home in Bozeman · ★5.0 · 2 bedrooms · 2 beds · 2 baths,32764991,Deirdre,,Bozeman,45.69171,-111.05384,Entire home/apt,114,2,39,2023-05-12,1.74,1,15,21,
50779683,Guest suite in Bozeman · ★4.91 · 2 bedrooms · 3 beds · 1 bath,109930487,Dave,,Bozeman,45.67375,-111.04656,Entire home/apt,240,1,99,2022-09-11,4.40,2,73,25,
50912777,Home in Bozeman · ★4.98 · 1 bedroom · 2 beds · 1 bath,44596719,Jade,,Bozeman,45.68237,-111.03447,Entire home/apt,249,1,117,2023-05-11,6.35,2,296,76,
50980152,Guesthouse in Bozeman · ★4.97 · 1 bedroom · 1 bed · 1 bath,62405798,Ana,,Bozeman,45.674362,-111.033211,Entire home/apt,103,3,127,2023-04-28,6.07,1,4,63,
50980860,Home in Bozeman · ★5.0 · 4 bedrooms · 4 beds · 3 baths,8224408,Paul,,Bozeman,45.6818,-111.03596,Entire home/apt,387,3,11,2022-12-12,0.50,20,185,7,
51045978,Home in Bozeman · ★4.75 · 4 bedrooms · 4 beds · 2 baths,88384454,Amy,,Bozeman,45.67344,-111.03134,Entire home/apt,300,3,28,2023-04-23,1.30,1,205,15,
51088432,Condo in Bozeman · ★4.98 · 1 bedroom · 2 beds · 1 bath,21497881,Victoria,,Bozeman,45.67889,-111.04787,Entire home/apt,130,28,54,2023-05-07,2.70,1,223,38,
51127349,Guesthouse in Bozeman · ★4.95 · 1 bedroom · 1 bath,62778374,John,,Bozeman,45.68703,-111.03264,Entire home/apt,176,3,43,2023-02-06,1.96,1,46,24,
51169010,Guesthouse in Bozeman · ★4.95 · 1 bedroom · 1 bed · 1.5 baths,409136809,Ryan,,Bozeman,45.68515,-111.02527,Entire home/apt,224,2,20,2023-04-20,0.97,1,72,6,
51169850,Townhouse in Bozeman · ★4.94 · 2 bedrooms · 2 beds · 2.5 baths,56404884,Sharon,,Bozeman,45.70245,-111.073448,Entire home/apt,312,2,49,2023-04-23,2.56,1,177,29,
51214592,Condo in Bozeman · ★4.93 · 1 bedroom · 1 bed · 1 bath,290273936,Mike,,Bozeman,45.70476,-111.02489,Entire home/apt,108,2,43,2023-04-10,2.52,1,327,28,
51225637,Condo in Bozeman · ★4.64 · 1 bedroom · 2 beds · 1 bath,414692326,Kenneth,,Bozeman,45.68211,-111.04655,Entire home/apt,124,2,53,2023-04-02,2.43,1,280,33,
51244535,Guest suite in Bozeman · ★5.0 · 1 bedroom · 1 bed · 1 bath,53146419,Olivia,,Bozeman,45.63529,-111.03558,Entire home/apt,65,10,8,2023-01-16,0.39,1,44,5,
51361417,Home in Bozeman · ★4.98 · 3 bedrooms · 5 beds · 2.5 baths,44712267,Emily,,Bozeman,45.6867,-111.05498,Entire home/apt,271,3,50,2023-04-03,2.33,1,21,24,
51366615,Rental unit in Bozeman · 2 bedrooms · 2 beds · 1 bath,91012372,Peter,,Bozeman,45.66675,-111.04363,Entire home/apt,90,30,1,2022-04-20,0.08,3,251,0,
51390028,Guest suite in Bozeman · ★4.88 · 2 bedrooms · 2 beds · 1 bath,32865949,Laura,,Bozeman,45.67125,-111.05764,Entire home/apt,165,1,32,2023-02-13,2.14,1,307,29,
51421125,Condo in Bozeman · ★4.93 · 1 bedroom · 1 bed · 1 bath,416457956,Sean,,Bozeman,45.69817,-111.0463,Entire home/apt,143,2,30,2023-04-23,1.42,1,282,13,
51543047,Guest suite in Bozeman · ★4.92 · 2 bedrooms · 4 beds · 1 bath,391326883,Ken,,Bozeman,45.68875,-111.06034,Entire home/apt,271,1,65,2022-10-02,3.05,1,129,31,
51563790,Guest suite in Bozeman · ★4.98 · 1 bedroom · 2 beds · 1 bath,278688460,Jane,,Bozeman,45.67376,-111.04977,Entire home/apt,119,2,48,2023-05-02,3.21,1,76,39,
51750090,Home in Bozeman · 3 bedrooms · 3 beds · 2.5 baths,72406868,Jeni,,Bozeman,45.68561,-111.1115,Entire home/apt,379,28,2,2023-01-08,0.10,2,32,1,
51825573,Cottage in Bozeman · ★4.94 · 2 bedrooms · 2 beds · 1 bath,1259005,Alexandria,,Bozeman,45.68341,-111.02837,Entire home/apt,135,2,52,2023-04-30,2.60,1,94,37,
51946585,Condo in Bozeman · ★4.90 · 2 bedrooms · 3 beds · 2 baths,228054571,Jake,,Bozeman,45.68354,-111.0772,Entire home/apt,182,2,84,2023-05-07,4.48,1,133,50,
52005720,Home in Bozeman · ★5.0 · 1 bedroom · 1 bed · 1 bath,103773075,Bozeman Montana,,Bozeman,45.685394,-111.034073,Entire home/apt,225,3,24,2023-04-30,1.23,4,255,16,
52108283,Home in Bozeman · ★4.90 · 3 bedrooms · 4 beds · 2.5 baths,14079951,Vanessa,,Bozeman,45.67593,-111.08834,Entire home/apt,140,2,10,2022-04-30,0.59,1,16,0,
52151869,Townhouse in Bozeman · ★4.97 · 4 bedrooms · 8 beds · 4.5 baths,422206219,Will,,Bozeman,45.72902,-111.06896,Entire home/apt,599,2,37,2023-03-20,1.89,1,269,24,
52164011,Condo in Bozeman · ★4.84 · 1 bedroom · 1 bed · 1 bath,317251520,Katie,,Bozeman,45.7102,-111.07245,Entire home/apt,108,1,146,2023-05-05,7.18,5,70,111,
52225142,Condo in Bozeman · ★4.88 · 3 bedrooms · 3 beds · 2.5 baths,9358423,Julie,,Bozeman,45.68884,-111.11367,Entire home/apt,222,3,25,2023-03-27,1.28,1,164,15,
52225520,Guest suite in Bozeman · ★4.99 · 1 bedroom · 1 bed · 1 bath,20710905,Jacquie,,Bozeman,45.67602,-111.04499,Entire home/apt,109,2,79,2023-04-30,4.13,1,151,50,
52258846,Condo in Bozeman · ★4.94 · 2 bedrooms · 3 beds · 1 bath,104010331,Dream MT,,Bozeman,45.68708,-111.04451,Entire home/apt,511,2,17,2022-09-05,0.86,12,358,12,
52281958,Rental unit in Bozeman · ★4.93 · 2 bedrooms · 2 beds · 1 bath,7161309,Orlando,,Bozeman,45.6781,-111.0492,Entire home/apt,133,4,81,2023-05-01,4.55,3,120,52,
52289413,Serviced apartment in Bozeman · ★4.96 · 3 bedrooms · 3 beds · 2 baths,193758323,Jill,,Bozeman,45.70129,-111.08758,Entire home/apt,375,3,23,2023-02-25,1.17,3,96,15,
52290982,Serviced apartment in Bozeman · ★4.96 · 1 bedroom · 1 bed · 1 bath,193758323,Jill,,Bozeman,45.70214,-111.08737,Entire home/apt,225,2,27,2023-05-01,1.35,3,13,17,
52296660,Serviced apartment in Bozeman · ★4.91 · 1 bedroom · 1 bed · 1 bath,193758323,Jill,,Bozeman,45.70224,-111.08906,Entire home/apt,250,2,57,2023-03-20,2.87,3,20,24,
52303432,Condo in Bozeman · ★4.83 · 1 bedroom · 2 beds · 1 bath,271534497,Jason,,Bozeman,45.67752,-111.04834,Entire home/apt,175,3,23,2023-03-27,1.25,2,132,18,
52305194,Home in Bozeman · ★4.95 · 4 bedrooms · 4 beds · 2.5 baths,423332913,Mark,,Bozeman,45.69858,-111.08652,Entire home/apt,311,4,19,2023-04-27,0.97,1,70,11,
52351450,Condo in Bozeman · ★5.0 · 2 bedrooms · 3 beds · 2 baths,104010331,Dream MT,,Bozeman,45.68707,-111.04493,Entire home/apt,558,2,13,2023-03-12,0.79,12,352,10,
52422650,Condo in Bozeman · ★5.0 · 2 bedrooms · 2 beds · 2 baths,104010331,Dream MT,,Bozeman,45.68734,-111.04552,Entire home/apt,558,2,3,2022-07-29,0.27,12,333,3,
52436764,Guest suite in Bozeman · ★4.96 · 2 bedrooms · 2 beds · 1 bath,3502709,Dylan,,Bozeman,45.67353,-111.05489,Entire home/apt,96,1,140,2023-05-09,8.19,1,31,88,
52441838,Guest suite in Bozeman · ★4.78 · 1 bedroom · 1 bed · 1 private bath,35291991,Tiera,,Bozeman,45.71549,-111.02984,Private room,86,1,18,2023-04-28,0.93,1,144,17,
52457187,Rental unit in Bozeman · ★5.0 · 1 bedroom · 1 bed · 1 bath,357080696,Cooper,,Bozeman,45.686,-111.06332,Entire home/apt,185,28,9,2023-02-27,0.51,1,316,6,
52513808,Condo in Bozeman · ★4.92 · 2 bedrooms · 2 beds · 2 baths,425045303,Jamie And Luke,,Bozeman,45.68736,-111.04531,Entire home/apt,241,3,24,2023-04-24,1.49,1,176,20,
52517800,Home in Bozeman · ★4.93 · 4 bedrooms · 5 beds · 4 baths,1015718,Shannon,,Bozeman,45.64745,-111.04026,Entire home/apt,299,3,14,2023-02-06,0.72,1,144,6,
52537069,Rental unit in Bozeman · ★4.86 · 3 bedrooms · 4 beds · 1 bath,374451536,Dan,,Bozeman,45.68256,-111.04365,Entire home/apt,211,2,43,2023-03-29,2.25,3,350,26,
52570170,Condo in Bozeman · ★4.82 · 2 bedrooms · 3 beds · 1.5 baths,12702811,Carla,,Bozeman,45.67941,-111.03955,Entire home/apt,191,3,39,2023-04-24,2.29,2,225,28,
52610317,Rental unit in Bozeman · ★4.96 · Studio · 3 beds · 1 bath,12702811,Carla,,Bozeman,45.67979,-111.039,Entire home/apt,276,3,46,2023-04-16,3.23,2,233,41,
52615844,Condo in Bozeman · ★4.73 · 1 bedroom · 2 beds · 1 bath,78849013,Stay Montana,,Bozeman,45.69981,-111.04548,Entire home/apt,123,1,26,2023-03-05,1.42,13,320,14,
52629865,Townhouse in Bozeman · ★4.25 · 2 bedrooms · 2 beds · 1 bath,122381278,Evolve,,Bozeman,45.66863,-111.04056,Entire home/apt,91,30,4,2023-03-01,0.29,12,268,3,
52809552,Home in Bozeman · ★5.0 · 1 bedroom · 1 bed · 1 bath,8224408,Paul,,Bozeman,45.68303,-111.02689,Entire home/apt,229,4,11,2023-03-26,0.61,20,197,5,
52874624,Home in Bozeman · 4 bedrooms · 5 beds · 4 baths,122381278,Evolve,,Bozeman,45.64698,-111.03991,Entire home/apt,121,30,1,2022-02-20,0.07,12,263,0,
52894917,Home in Bozeman · ★4.92 · 4 bedrooms · 4 beds · 3.5 baths,122381278,Evolve,,Bozeman,45.65946,-111.02262,Entire home/apt,395,2,13,2022-11-13,0.71,12,314,9,
53149809,Condo in Bozeman · ★4.93 · 1 bedroom · 1 bed · 1 bath,158595657,Mountain Home,,Bozeman,45.687916,-111.044533,Entire home/apt,260,1,14,2023-04-26,0.92,23,348,11,
53151215,Condo in Bozeman · 1 bedroom · 1 bath,417219481,Olivia,,Bozeman,45.67959,-111.03882,Entire home/apt,261,28,1,2022-09-02,0.12,1,75,1,
53233707,Home in Bozeman · ★4.67 · 5 bedrooms · 6 beds · 3 baths,158595657,Mountain Home,,Bozeman,45.679832,-111.101501,Entire home/apt,436,1,9,2022-08-16,0.63,23,299,8,
53278276,Guesthouse in Bozeman · 1 bedroom · 1 bed · 1 bath,388858579,Neil,,Bozeman,45.6805,-111.09865,Entire home/apt,120,30,1,2022-09-20,0.13,4,163,1,
53281258,Condo in Bozeman · ★5.0 · Studio · 1 bed · 1 bath,225774632,Joe And Michelle,,Bozeman,45.68814,-111.04543,Entire home/apt,175,2,7,2023-02-22,0.41,3,336,3,
53302545,Rental unit in Bozeman · ★4.79 · 1 bedroom · 2 beds · 1 bath,430914923,Residence Inn Bozeman,,Bozeman,45.6808,-111.02497,Entire home/apt,377,1,19,2023-02-12,1.12,2,134,10,
53302552,Rental unit in Bozeman · ★4.86 · 1 bedroom · 3 beds · 1 bath,430914923,Residence Inn Bozeman,,Bozeman,45.68022,-111.02528,Entire home/apt,387,1,22,2023-03-26,1.29,2,138,13,
53344108,Home in Bozeman · ★4.88 · 3 bedrooms · 4 beds · 1.5 baths,243371257,Travis,,Bozeman,45.68305,-111.04943,Entire home/apt,224,2,75,2023-05-06,4.23,1,320,48,
53395300,Rental unit in Bozeman · ★4.13 · 1 bedroom · 1 bed · 1 bath,158595657,Mountain Home,,Bozeman,45.683842,-111.039383,Entire home/apt,228,1,16,2023-04-06,0.94,23,351,12,
53444312,Home in Bozeman · ★4.97 · 3 bedrooms · 4 beds · 2 baths,191771128,Muneer,,Bozeman,45.68639,-111.11332,Entire home/apt,184,2,33,2023-04-26,3.11,1,80,33,
53493470,Condo in Bozeman · ★5.0 · 2 bedrooms · 3 beds · 2 baths,194602628,Lori,,Bozeman,45.678993,-111.022896,Entire home/apt,219,2,60,2023-05-07,3.54,1,142,48,
53607095,Condo in Bozeman · ★5.0 · 1 bedroom · 1 bed · 1 bath,225774632,Joe And Michelle,,Bozeman,45.68674,-111.04384,Entire home/apt,233,2,16,2023-03-06,0.96,3,307,8,
53611532,Townhouse in Bozeman · ★4.93 · 2 bedrooms · 3 beds · 1 bath,324665946,James,,Bozeman,45.68783,-111.04264,Entire home/apt,191,3,29,2023-05-10,2.45,1,299,29,
53614256,Condo in Bozeman · ★5.0 · 2 bedrooms · 2 beds · 2 baths,225774632,Joe And Michelle,,Bozeman,45.68691,-111.0441,Entire home/apt,335,2,21,2023-05-07,1.23,3,235,13,
53631171,Condo in Bozeman · ★4.78 · 3 bedrooms · 3 beds · 2 baths,434235941,Tuyet Ngan Thi,,Bozeman,45.67677,-111.06252,Entire home/apt,179,1,27,2022-10-30,1.62,2,278,17,
53663663,Condo in Bozeman · ★5.0 · 1 bedroom · 1 bed · 1 bath,339686590,Shaylee,,Bozeman,45.68752,-111.04418,Entire home/apt,172,3,35,2023-04-23,2.10,1,318,29,
53679965,Condo in Bozeman · ★4.80 · 1 bedroom · 1 bed · 1 shared bath,19442684,John,,Bozeman,45.67825,-111.07866,Private room,97,4,35,2022-10-11,2.17,2,277,25,
53699638,Home in Bozeman · ★4.50 · 2 bedrooms · 2 beds · 1.5 baths,104010331,Dream MT,,Bozeman,45.713802337646484,-111.07494354248047,Entire home/apt,220,7,6,2022-07-03,0.37,12,353,1,
53740492,Condo in Bozeman · ★5.0 · 2 bedrooms · 3 beds · 1.5 baths,20374203,Laura,,Bozeman,45.68135,-111.04824,Entire home/apt,210,3,10,2023-02-26,0.82,1,196,10,
53888773,Cottage in Bozeman · ★4.97 · 1 bedroom · 2 beds · 1 bath,60108530,Lark,,Bozeman,45.68502,-111.02585,Entire home/apt,154,2,88,2023-05-10,5.83,1,244,79,
54002559,Townhouse in Bozeman · ★5.0 · 2 bedrooms · 2 beds · 2.5 baths,308336264,Bonnie And Sam,,Bozeman,45.72918,-111.06765,Entire home/apt,275,4,3,2022-06-20,0.20,1,197,1,
54034685,Home in Bozeman · ★5.0 · 4 bedrooms · 4 beds · 3.5 baths,8224408,Paul,,Bozeman,45.67426,-111.03344,Entire home/apt,418,3,16,2023-04-21,1.01,20,147,7,
54056354,Home in Bozeman · ★4.64 · 4 bedrooms · 4 beds · 2.5 baths,158595657,Mountain Home,,Bozeman,45.677101,-111.042,Entire home/apt,480,1,28,2023-04-30,1.90,23,151,22,
54130937,Rental unit in Bozeman · ★4.59 · 1 bedroom · 1 bed · 1 shared bath,438835491,Marylin,,Bozeman,45.68396,-111.07816,Private room,100,1,17,2022-07-06,1.07,1,316,16,
54241392,Home in Bozeman · ★4.84 · 1 bedroom · 1 bed · 1 private bath,162342143,Evelyn,,Bozeman,45.67403,-111.08651,Private room,85,1,51,2023-05-06,3.36,1,149,38,
517215584943706040,Condo in Bozeman · 2 bedrooms · 2 beds · 2 baths,282205909,JJ & Heather,,Bozeman,45.70085,-111.07206,Entire home/apt,122,29,2,2023-01-14,0.28,2,183,2,
537860368072032340,Condo in Bozeman · ★4.93 · 3 bedrooms · 3 beds · 2.5 baths,97952734,Brandy,,Bozeman,45.70952,-111.07947,Entire home/apt,152,2,46,2023-04-30,2.94,1,151,40,
539134036384619154,Home in Bozeman · ★5.0 · 1 bedroom · 1 bed · 1 bath,74119738,Jane,,Bozeman,45.68754959106445,-111.05628204345703,Entire home/apt,296,2,9,2023-03-01,1.02,1,263,9,
546425566378883463,Townhouse in Bozeman · ★5.0 · 3 bedrooms · 3 beds · 2 baths,441798626,Renee,,Bozeman,45.6786,-111.05832,Entire home/apt,375,3,15,2023-04-02,1.05,2,272,14,
548783269779670430,Guesthouse in Bozeman · ★4.97 · 1 bedroom · 1 bed · 1 bath,109930487,Dave,,Bozeman,45.6725,-111.04836,Entire home/apt,188,1,109,2023-05-11,6.96,2,56,79,
552884755359876744,Condo in Bozeman · ★4.88 · 2 bedrooms · 2 beds · 1 bath,87300632,Liz,,Bozeman,45.68752,-111.04546,Entire home/apt,170,3,25,2023-03-26,1.70,4,328,20,
553433994880561912,Vacation home in Bozeman · 2 bedrooms · 2 beds · 2.5 baths,9851660,Tanya,,Bozeman,45.670395,-111.007668,Entire home/apt,325,2,1,2023-05-12,1,2,269,1,
553665581841208231,Home in Bozeman · ★5.0 · 3 bedrooms · 2 beds · 2.5 baths,7704883,Christyn,,Bozeman,45.66909,-111.0083,Entire home/apt,456,2,10,2023-02-24,0.69,2,287,9,
553735468935288215,Guesthouse in Bozeman · ★4.79 · 1 bedroom · 1 bed · 1 bath,339573404,Katelynn,,Bozeman,45.68029,-111.104,Entire home/apt,95,2,39,2023-05-07,3.60,1,9,39,
554209298323260405,Home in Bozeman · ★5.0 · 3 bedrooms · 3 beds · 2.5 baths,19523133,Pele,,Bozeman,45.66941,-111.00801,Entire home/apt,241,2,15,2023-05-11,1.02,2,302,10,
554494826131033621,Townhouse in Bozeman · ★5.0 · 3 bedrooms · 3 beds · 3 baths,283815228,Michael,,Bozeman,45.68733,-111.08563,Entire home/apt,150,28,7,2023-04-10,0.53,1,214,6,
557817837659306237,Home in Bozeman · 3 bedrooms · 3 beds · 2 baths,149465780,Cathleen,,Bozeman,45.67498,-111.03694,Entire home/apt,650,30,0,,,1,339,0,
559527062706136123,Condo in Bozeman · ★5.0 · 3 bedrooms · 4 beds · 2.5 baths,78849013,Stay Montana,,Bozeman,45.64804,-111.06813,Entire home/apt,118,1,3,2023-04-30,0.28,13,289,3,
561717640997313387,Home in Bozeman · 2 bedrooms · 2 beds · 2.5 baths,215007281,Jack,,Bozeman,45.67048,-111.00591,Entire home/apt,299,3,2,2023-03-11,0.49,1,257,2,
562968128190218482,Home in Bozeman · ★5.0 · 3 bedrooms · 4 beds · 2.5 baths,241144375,Jess,,Bozeman,45.66932,-111.00739,Entire home/apt,421,2,20,2023-04-02,1.34,1,132,18,
565095812826326318,Home in Bozeman · ★4.83 · 3 bedrooms · 3 beds · 2 baths,324938857,Laura,,Bozeman,45.67642,-111.11467,Entire home/apt,332,2,6,2022-08-14,0.52,1,211,6,
565979879454742038,Home in Bozeman · ★4.70 · 4 bedrooms · 5 beds · 2.5 baths,9247074,Heather,,Bozeman,45.69146,-111.07512,Entire home/apt,318,5,10,2023-04-21,1.33,1,301,10,
566507802395312389,Townhouse in Bozeman · 3 bedrooms · 2 beds · 2.5 baths,87144196,Juli,,Bozeman,45.69065,-111.11207,Entire home/apt,152,21,2,2022-08-14,0.19,1,240,2,
567679385572369303,Rental unit in Bozeman · ★5.0 · 2 bedrooms · 4 beds · 1 bath,25065063,Kura,,Bozeman,45.68391,-111.03873,Entire home/apt,116,1,13,2023-04-28,3.58,2,28,13,
570187917929856190,Rental unit in Bozeman · ★4.98 · 2 bedrooms · 3 beds · 1 bath,85914608,John,,Bozeman,45.68084,-111.0482,Entire home/apt,138,1,46,2023-05-04,5.17,1,46,46,
573392635702229279,Home in Bozeman · ★4.92 · 3 bedrooms · 7 beds · 2.5 baths,335057978,Michael,,Bozeman,45.68463,-111.11807,Entire home/apt,372,2,13,2023-01-10,0.90,1,292,11,
573400389346700864,Rental unit in Bozeman · ★4.98 · 2 bedrooms · 2 beds · 1 bath,127451313,Pamela,,Bozeman,45.673515,-111.03756,Entire home/apt,284,1,42,2023-04-22,3.01,2,300,35,
573985742347874570,Home in Bozeman · ★5.0 · 1 bedroom · 1 bed · 1 shared bath,54402419,Kelley,,Bozeman,45.69445,-111.07512,Private room,125,2,3,2022-08-23,0.21,1,87,2,
577635693880635570,Condo in Bozeman · ★4.95 · 1 bedroom · 3 beds · 1 bath,102597941,Tom,,Bozeman,45.67809,-111.04699,Entire home/apt,163,3,37,2023-05-11,3.18,1,120,37,
580390397040922793,Condo in Bozeman · ★5.0 · 3 bedrooms · 3 beds · 2 baths,434235941,Tuyet Ngan Thi,,Bozeman,45.6757,-111.06246,Entire home/apt,209,1,19,2023-04-23,1.38,2,303,16,
582075717033605282,Townhouse in Bozeman · ★5.0 · 3 bedrooms · 4 beds · 2.5 baths,59950618,Kellen,,Bozeman,45.68977,-111.1095,Entire home/apt,240,2,31,2023-05-06,2.25,1,82,27,
584102878258687708,Condo in Bozeman · ★5.0 · 3 bedrooms · 4 beds · 2.5 baths,146002701,Lyndsey,,Bozeman,45.69035,-111.10871,Entire home/apt,310,2,14,2023-03-19,1.15,1,305,14,
587694237828620560,Home in Bozeman · ★5.0 · 1 bedroom · 1 bed · 1.5 baths,23875741,Jes,,Bozeman,45.68187,-111.08389,Private room,42,2,5,2023-02-18,0.66,2,133,5,
588475152538336095,Home in Bozeman · ★5.0 · 4 bedrooms · 4 beds · 2 baths,91589612,Joanna,,Bozeman,45.67462,-111.0487,Entire home/apt,632,3,22,2023-04-16,1.96,1,255,22,
588556801205015597,Home in Bozeman · ★5.0 · 2 bedrooms · 3 beds · 1 bath,143611149,Teri,,Bozeman,45.68092,-111.02621,Entire home/apt,261,2,14,2023-04-23,2.61,1,299,14,
589373840698555740,Townhouse in Bozeman · ★4.82 · 1 bedroom · 1 bed · 1.5 baths,107412136,Gizem Elif,,Bozeman,45.68383,-111.08053,Private room,75,1,33,2023-01-28,2.71,1,39,33,
590006855129005370,Condo in Bozeman · ★4.95 · 1 bedroom · 3 beds · 1 bath,3083856,Carrie,,Bozeman,45.67745,-111.04782,Entire home/apt,149,2,44,2023-05-02,3.32,2,168,41,
601374649522692032,Home in Bozeman · ★5.0 · 3 bedrooms · 3 beds · 2.5 baths,7003839,Taylor,,Bozeman,45.68493,-111.09185,Entire home/apt,255,3,20,2023-04-23,1.64,1,318,20,
601529527516210190,Townhouse in Bozeman · 2 bedrooms · 2 beds · 2.5 baths,89581672,Mackenzie,,Bozeman,45.68336,-111.08012,Entire home/apt,200,30,1,2022-09-07,0.12,1,267,1,
601716631083440019,Guest suite in Bozeman · ★4.80 · 2 bedrooms · 2 beds · 1 bath,430868,Victoria,,Bozeman,45.66373,-111.01947,Entire home/apt,175,2,5,2023-02-13,0.56,1,0,5,
604774251362283744,Home in Bozeman · ★5.0 · 3 bedrooms · 3 beds · 2 baths,7485966,Ilona,,Bozeman,45.67676,-111.07731,Entire home/apt,120,30,3,2023-02-22,0.29,1,244,3,
605832788979517631,Condo in Bozeman · 1 bedroom · 1 bed · 1 bath,454462356,Greg,,Bozeman,45.6803,-111.0378,Entire home/apt,110,30,0,,,1,204,0,
606641041131550235,Home in Bozeman · ★5.0 · 3 bedrooms · 3 beds · 2 baths,30062388,Cary,,Bozeman,45.68066,-111.0338,Entire home/apt,351,3,20,2023-04-02,2.04,1,249,20,
607292612970501183,Townhouse in Bozeman · ★4.88 · 1 bedroom · 1 bed · 1.5 shared baths,69417001,Louisa,,Bozeman,45.67771,-111.06098,Private room,80,28,8,2023-03-01,0.69,2,222,8,
607365320794077990,Townhouse in Bozeman · ★5.0 · 1 bedroom · 1 bed · 1.5 shared baths,69417001,Louisa,,Bozeman,45.67719,-111.06011,Private room,42,28,4,2023-05-04,0.36,2,174,4,
609294509698157532,Condo in Bozeman · ★5.0 · 2 bedrooms · 2 beds · 1 bath,425903673,Patricia,,Bozeman,45.67801754053326,-111.0468779406456,Entire home/apt,162,3,34,2023-05-09,3.28,1,303,34,
609344328242284520,Rental unit in Bozeman · ★4.95 · 2 bedrooms · 2 beds · 2 baths,118040416,Valérie,,Bozeman,45.69677,-111.09541,Entire home/apt,154,2,39,2023-04-16,3.21,2,89,39,
610333833276114007,Rental unit in Bozeman · ★4.90 · 2 bedrooms · 2 beds · 2 baths,118040416,Valérie,,Bozeman,45.69601,-111.09633,Entire home/apt,146,2,48,2023-04-17,3.82,2,34,47,
611640860554506390,Home in Bozeman · 3 bedrooms · 3 beds · 3 baths,8224408,Paul,,Bozeman,45.68331,-111.03452,Entire home/apt,199,30,1,2022-11-05,0.16,20,343,1,
612893881849188932,Rental unit in Bozeman · ★4.96 · 2 bedrooms · 4 beds · 2 baths,441896318,Payton,,Bozeman,45.65232,-111.06922,Entire home/apt,116,1,49,2023-04-30,3.94,10,361,48,
614403722859114983,Rental unit in Bozeman · ★4.94 · 1 bedroom · 1 bed · 1 private bath,456320631,Megan,,Bozeman,45.67106,-111.07173,Private room,139,1,31,2023-03-07,2.70,1,18,31,
618334957573105453,Guesthouse in Bozeman · ★4.96 · 1 bedroom · 2 beds · 1 bath,49756188,Marissa,,Bozeman,45.64516,-111.06594,Entire home/apt,235,2,28,2023-05-07,2.75,1,298,28,
619526614024208233,Townhouse in Bozeman · 3 bedrooms · 3 beds · 2 baths,180300091,Michelle,,Bozeman,45.68038,-111.09635,Entire home/apt,299,3,2,2022-08-20,0.17,1,8,2,
619604148326911549,Townhouse in Bozeman · ★5.0 · 3 bedrooms · 3 beds · 2.5 baths,110562093,Kelsey,,Bozeman,45.69207,-111.112221,Entire home/apt,224,2,16,2023-04-02,1.43,1,184,16,
620357586433612824,Condo in Bozeman · ★4.71 · 2 bedrooms · 2 beds · 1 bath,40742998,Katie,,Bozeman,45.68125,-111.051,Entire home/apt,174,3,28,2023-03-25,2.48,1,108,28,
620806144709121248,Townhouse in Bozeman · ★4.91 · 2 bedrooms · 3 beds · 1.5 baths,322166386,Han,,Bozeman,45.682636,-111.058601,Entire home/apt,112,2,33,2023-05-06,4.30,1,210,33,
622676828183279479,Condo in Bozeman · ★4.95 · 1 bedroom · 1 bed · 1 bath,166104792,Caleb And Madison,,Bozeman,45.67761,-111.04666,Entire home/apt,126,2,44,2023-05-03,4.23,3,35,44,
624831316262074300,Home in Bozeman · 3 bedrooms · 3 beds · 2.5 baths,282205909,JJ & Heather,,Bozeman,45.70401,-111.07344,Entire home/apt,129,60,0,,,2,241,0,
625488134667621056,Condo in Bozeman · ★4.64 · 1 bedroom · 3 beds · 1 bath,78849013,Stay Montana,,Bozeman,45.69861,-111.04366,Entire home/apt,131,1,11,2023-02-25,0.95,13,357,11,
625945698382957503,Townhouse in Bozeman · ★5.0 · 3 bedrooms · 3 beds · 3.5 baths,158595657,Mountain Home,,Bozeman,45.683735,-111.041245,Entire home/apt,800,1,3,2023-02-12,0.29,23,332,3,
626166007252132576,Home in Bozeman · ★5.0 · 4 bedrooms · 6 beds · 3 baths,68861172,Erica,,Bozeman,45.68983,-111.0533,Entire home/apt,211,2,8,2023-01-07,0.78,1,97,8,
629234668508392975,Rental unit in Bozeman · ★5.0 · 2 bedrooms · 2 beds · 1 bath,20214941,Alli,,Bozeman,45.66089,-111.03553,Entire home/apt,190,3,17,2022-11-22,1.55,1,81,17,
629671506047024108,Guesthouse in Bozeman · ★5.0 · 1 bedroom · 2 beds · 1 bath,6542194,Jenny,,Bozeman,45.6813371,-111.0297002,Entire home/apt,176,2,28,2023-05-02,3.75,1,222,28,
631893047184397847,Condo in Bozeman · ★4.84 · 2 bedrooms · 3 beds · 2 baths,460235948,Callahan,,Bozeman,45.651386,-111.068047,Entire home/apt,206,1,37,2023-04-27,3.24,1,356,37,
635359568019045907,Guesthouse in Bozeman · ★4.94 · 1 bedroom · 2 beds · 1 bath,7732231,Tara,,Bozeman,45.68317,-111.10228,Entire home/apt,149,2,34,2023-05-10,3.54,1,308,34,
636007021944503844,Guesthouse in Bozeman · ★4.96 · 1 bedroom · 1 bed · 1 bath,9859988,Tobi,,Bozeman,45.68949,-111.09475,Entire home/apt,120,2,54,2023-04-30,4.74,1,98,54,
637638615557462514,Condo in Bozeman · ★4.60 · 1 bedroom · 2 beds · 1.5 baths,112595503,Danielle,,Bozeman,45.68679,-111.10931,Entire home/apt,185,4,5,2022-09-06,0.44,1,147,5,
638572493569566532,Home in Bozeman · ★5.0 · 2 bedrooms · 2 beds · 2.5 baths,7704883,Christyn,,Bozeman,45.66955,-111.00584,Entire home/apt,456,2,5,2023-02-20,0.46,2,75,5,
639045968795630514,Townhouse in Bozeman · 2 bedrooms · 3 beds · 2.5 baths,432624625,Debra,,Bozeman,45.729839,-111.067642,Entire home/apt,225,30,1,2022-08-06,0.11,1,164,1,
640809261320548067,Guest suite in Bozeman · ★5.0 · 1 bedroom · 1 bed · 1 bath,462304758,Leslie,,Bozeman,45.65032,-111.07639,Entire home/apt,195,1,14,2023-03-19,1.46,1,328,14,
641334978923453922,Home in Bozeman · ★4.64 · 2 bedrooms · 3 beds · 1 bath,462293753,Yanfei,,Bozeman,45.6795,-111.04563,Entire home/apt,200,1,55,2023-05-07,4.90,2,110,55,
643569830401168312,Home in Bozeman · ★4.72 · 5 bedrooms · 5 beds · 2 baths,462293753,Yanfei,,Bozeman,45.67819,-111.04603,Entire home/apt,248,1,47,2023-05-06,4.27,2,191,47,
648162080320263556,Condo in Bozeman · ★4.94 · 1 bedroom · 1 bed · 1 bath,219491,Elinor (Ellie),,Bozeman,45.67861,-111.04602,Entire home/apt,150,1,49,2023-05-07,4.62,3,266,49,
650129471158078513,Townhouse in Bozeman · ★4.96 · 3 bedrooms · 3 beds · 2.5 baths,464467613,Tatanka,,Bozeman,45.70096,-111.07552,Entire home/apt,332,1,25,2023-03-14,2.67,1,278,25,
650948670828244727,Home in Bozeman · ★5.0 · 3 bedrooms · 4 beds · 2 baths,464649532,Christie,,Bozeman,45.6790578,-111.0445128,Entire home/apt,357,2,14,2023-02-27,1.37,1,309,14,
652171270514431965,Townhouse in Bozeman · ★4.95 · 1 bedroom · 1 bed · 1 private bath,3536705,Lindsay,,Bozeman,45.6487211,-111.0689732,Private room,75,1,44,2023-05-07,4.33,2,34,44,
654936580130899134,Rental unit in Bozeman · ★4.75 · 1 bedroom · 1 bed · 1 bath,158595657,Mountain Home,,Bozeman,45.6841,-111.041,Entire home/apt,245,1,12,2023-04-04,1.17,23,340,12,
655684504477318769,Home in Bozeman · ★5.0 · 3 bedrooms · 5 beds · 2 baths,53720318,Jane,,Bozeman,45.68619,-111.03955,Entire home/apt,400,4,16,2023-03-26,2.00,1,277,16,
660191946795731569,Home in Bozeman · 1 bedroom · 1 bed · 1 bath,122919762,Cyd,,Bozeman,45.68021,-111.04241,Entire home/apt,110,30,0,,,1,195,0,
663645174019164043,Camper/RV in Bozeman · 1 bedroom · 1 bed · Half-bath,19442684,John,,Bozeman,45.67716,-111.08301,Entire home/apt,249,3,0,,,2,365,0,
665301909432494038,Rental unit in Bozeman · ★4.81 · 2 bedrooms · 2 beds · 1 bath,37331595,Vacasa Montana,,Bozeman,45.68692,-111.04543,Entire home/apt,229,2,21,2023-04-14,2.27,7,348,21,
665520353633984399,Home in Bozeman · ★5.0 · 3 bedrooms · 3 beds · 2.5 baths,37331595,Vacasa Montana,,Bozeman,45.67037,-111.00782,Entire home/apt,378,2,5,2022-11-20,0.50,7,344,5,
668371805193146476,Townhouse in Bozeman · ★5.0 · 3 bedrooms · 5 beds · 3 baths,166104792,Caleb And Madison,,Bozeman,45.6761,-111.04073,Entire home/apt,336,3,15,2023-05-05,1.63,3,73,15,
668710495380377348,Condo in Bozeman · ★4.93 · 2 bedrooms · 4 beds · 2 baths,441896318,Payton,,Bozeman,45.65087,-111.06815,Entire home/apt,116,1,30,2023-05-06,3.04,10,364,30,
670180153402811011,Townhouse in Bozeman · ★4.79 · 3 bedrooms · 4 beds · 2.5 baths,446248807,Ty,,Bozeman,45.690875,-111.1059493,Entire home/apt,299,2,24,2023-04-14,2.54,1,296,24,
670436576549277803,Home in Bozeman · ★5.0 · 2 bedrooms · 2 beds · 2 baths,120268430,Olga,,Bozeman,45.6838,-111.03597,Entire home/apt,299,2,8,2023-04-23,1.03,1,232,8,
670903809145917587,Condo in Bozeman · ★4.83 · 1 bedroom · 2 beds · 1 bath,122381278,Evolve,,Bozeman,45.67728,-111.04774,Entire home/apt,137,2,12,2023-05-04,1.28,12,336,12,
671297966595864136,Rental unit in Bozeman · ★4.93 · 2 bedrooms · 2 beds · 1 bath,7161309,Orlando,,Bozeman,45.68633,-111.03769,Entire home/apt,110,3,30,2023-04-30,3.06,3,126,30,
673317827496553321,Home in Bozeman · ★5.0 · 4 bedrooms · 4 beds · 3 baths,51412446,Katy,,Bozeman,45.68335,-111.03662,Entire home/apt,475,2,7,2023-03-20,0.88,1,24,7,
673834076305334804,Condo in Bozeman · ★4.83 · 2 bedrooms · 3 beds · 2 baths,457457017,Kennedy,,Bozeman,45.65092,-111.06942,Entire home/apt,139,1,29,2023-04-18,3.05,1,360,29,
674017030037623523,Home in Bozeman · 4 bedrooms · 5 beds · 3.5 baths,472419080,Cordelia,,Bozeman,45.6739571,-111.0484076,Entire home/apt,641,3,2,2022-09-06,0.23,1,52,2,
675168752481235212,Home in Bozeman · ★4.80 · 1 bedroom · 1 bed · 1 bath,37331595,Vacasa Montana,,Bozeman,45.68109,-111.03933,Entire home/apt,169,2,10,2023-04-26,1.22,7,324,10,
681837303455762227,Rental unit in Bozeman · 2 bedrooms · 3 beds · 2 baths,158595657,Mountain Home,,Bozeman,45.685635,-111.0458,Entire home/apt,254,1,1,2022-10-24,0.15,23,267,1,
684085588730026685,Townhouse in Bozeman · 3 bedrooms · 3 beds · 1 bath,13749505,Tina,,Bozeman,45.69443,-111.07725,Entire home/apt,105,30,1,2023-03-04,0.42,1,0,1,
684167798771337575,Guesthouse in Bozeman · ★4.93 · 1 bedroom · 2 beds · 1 bath,388858579,Neil,,Bozeman,45.68306,-111.04008,Entire home/apt,150,2,14,2023-04-15,1.54,4,348,14,
692232554372122340,Guest suite in Bozeman · ★4.98 · 2 bedrooms · 4 beds · 1 bath,474739122,Fiona,,Bozeman,45.65,-111.04247,Entire home/apt,127,1,49,2023-05-04,5.49,1,22,49,
693456544728362952,Condo in Bozeman · 2 bedrooms · 2 beds · 2 baths,474993366,Victoria,,Bozeman,45.6992724049711,-111.06878418465575,Entire home/apt,148,14,0,,,1,238,0,
694011342626584843,Guest suite in Bozeman · ★4.92 · Studio · 1 bed · 1 bath,317251520,Katie,,Bozeman,45.68258,-111.04395,Entire home/apt,96,1,50,2023-05-10,5.79,5,39,50,
699514354533913441,Guesthouse in Bozeman · ★5.0 · 1 bedroom · 1 bed · 1 bath,418955198,Ty,,Bozeman,45.68532,-111.04159,Entire home/apt,90,1,15,2023-05-12,1.76,1,133,15,
702083877052289383,Condo in Bozeman · ★4.80 · 1 bedroom · 2 beds · 1 bath,78849013,Stay Montana,,Bozeman,45.67868,-111.0465,Entire home/apt,162,1,5,2023-01-11,0.63,13,320,5,
704622914778785200,Home in Bozeman · 1 bedroom · 1 bed · 1 private bath,102607134,Imelda,,Bozeman,45.67279,-111.08339,Private room,92,29,1,2022-10-05,0.14,1,365,1,
705082802450406622,Condo in Bozeman · ★4.91 · 2 bedrooms · 3 beds · 2 baths,87300632,Liz,,Bozeman,45.68881,-111.04492,Entire home/apt,218,3,11,2023-04-09,1.63,4,284,11,
707134359227312400,Condo in Bozeman · ★4.80 · 2 bedrooms · 3 beds · 1.5 baths,5393899,Jenny,,Bozeman,45.67246,-111.03658,Entire home/apt,160,3,15,2023-04-30,1.83,1,18,15,
708570967089315570,Townhouse in Bozeman · 2 bedrooms · 2 beds · 1.5 baths,478100437,Rhonda,,Bozeman,45.71466,-111.07583,Entire home/apt,192,2,2,2023-02-19,0.27,1,221,2,
709455771969151762,Home in Bozeman · ★5.0 · 1 bedroom · 1 bed · 1 private bath,387917242,Jonathan,,Bozeman,45.67426,-111.03986,Private room,127,1,14,2023-04-24,2.51,1,97,14,
710864131003324555,Condo in Bozeman · ★4.94 · 3 bedrooms · 3 beds · 2 baths,22366054,Tessa,,Bozeman,45.70317,-111.0912,Entire home/apt,270,2,18,2023-04-30,2.29,3,301,18,
714278609953671035,Home in Bozeman · ★4.97 · 4 bedrooms · 4 beds · 2.5 baths,70317754,Mark And Jessica,,Bozeman,45.69085,-111.05374,Entire home/apt,171,2,33,2023-05-11,4.71,1,109,33,
714584915494812577,Home in Bozeman · 1 bedroom · 1 bed · 1.5 baths,50844446,Jaymie,,Bozeman,45.70804050000001,-111.07258184285278,Private room,65,20,1,2023-03-04,0.42,2,132,1,
718782424531822375,Rental unit in Bozeman · ★4.88 · 1 bedroom · 1 bed · 1 bath,237078650,Lindsay,,Bozeman,45.67764469999999,-111.0456932,Entire home/apt,133,2,26,2023-05-01,5.53,1,114,26,
719644290329171991,Condo in Bozeman · ★5.0 · 2 bedrooms · 2 beds · 1 bath,187536670,Charity,,Bozeman,45.678093,-111.0469886,Entire home/apt,148,2,16,2023-04-02,2.51,1,281,16,
721776176947601105,Home in Bozeman · ★5.0 · 2 bedrooms · 2 beds · 1 bath,105847111,Robert,,Bozeman,45.70326,-111.09328,Entire home/apt,174,2,8,2023-02-28,1.07,1,70,8,
721909326020120035,Home in Bozeman · 4 bedrooms · 5 beds · 2 baths,9851660,Tanya,,Bozeman,45.68781725230628,-111.03268257937621,Entire home/apt,600,30,2,2023-04-20,1.05,2,295,2,
724711577396948826,Condo in Bozeman · ★4.88 · 1 bedroom · 2 beds · 1 bath,87338185,Carrie,,Bozeman,45.67774,-111.04723,Entire home/apt,170,2,8,2023-04-08,1.59,2,274,8,
729177429823443077,Guesthouse in Bozeman · ★5.0 · 1 bedroom · 1 bed · 1 private bath,159312,Ryan,,Bozeman,45.68715,-111.02767,Private room,150,2,7,2023-04-29,1.07,4,194,7,
731157846501234670,Guesthouse in Bozeman · 3 bedrooms · 3 beds · 3 baths,159312,Ryan,,Bozeman,45.687737583589794,-111.02902829206545,Private room,600,1,0,,,4,84,0,
733431858602294708,Home in Bozeman · ★4.87 · 3 bedrooms · 4 beds · 1.5 baths,432049398,Holly,,Bozeman,45.68193,-111.03929,Entire home/apt,212,2,30,2023-05-09,4.27,1,287,30,
733544258624515986,Home in Bozeman · ★5.0 · 2 bedrooms · 2 beds · 2.5 baths,54268767,Melissa,,Bozeman,45.66965,-111.00645,Entire home/apt,295,2,3,2023-03-20,0.67,1,96,3,
735399457576581158,Home in Bozeman · ★4.70 · 3 bedrooms · 3 beds · 1 bath,158595657,Mountain Home,,Bozeman,45.68217,-111.041985,Entire home/apt,229,1,10,2023-02-22,1.79,23,110,10,
736332896057735534,Guest suite in Bozeman · ★5.0 · 1 bedroom · 2 beds · 1 bath,82935309,Kelly,,Bozeman,45.6815,-111.03513,Entire home/apt,271,3,6,2023-04-23,0.91,1,311,6,
737229782526491097,Home in Bozeman · 4 bedrooms · 4 beds · 2.5 baths,122381278,Evolve,,Bozeman,45.70141,-111.09411,Entire home/apt,111,30,0,,,12,243,0,
737568026636570213,Home in Bozeman · 3 bedrooms · 3 beds · 2.5 baths,53829514,Above,,Bozeman,45.68279,-111.10288,Entire home/apt,400,30,0,,,2,118,0,
738975280279449873,Home in Bozeman · 7 bedrooms · 9 beds · 4.5 baths,304628102,Lisa,,Bozeman,45.64504,-111.0656,Entire home/apt,2100,3,0,,,4,251,0,
740807774712657109,Guesthouse in Bozeman · ★4.67 · 1 bedroom · 1 bed · 1 bath,92164178,Daryl,,Bozeman,45.68249,-111.10138,Entire home/apt,205,2,3,2022-12-26,0.59,1,248,3,
743730695395267111,Home in Bozeman · 5 bedrooms · 8 beds · 3.5 baths,192384472,Rory,,Bozeman,45.6481763,-111.042898,Entire home/apt,190,90,0,,,1,204,0,
744478255073405873,Home in Bozeman · ★5.0 · 3 bedrooms · 3 beds · 2 baths,87807117,Brandon,,Bozeman,45.655081992055486,-111.045586,Entire home/apt,221,2,32,2023-05-10,5.11,1,77,32,
744868083144609381,Home in Bozeman · ★4.0 · 4 bedrooms · 4 beds · 2.5 baths,37331595,Vacasa Montana,,Bozeman,45.69485,-111.07345,Entire home/apt,314,2,7,2023-01-06,1.14,7,341,7,
744893206921752588,Home in Bozeman · ★4.73 · 3 bedrooms · 4 beds · 2 baths,444342086,Rory,,Bozeman,45.68006,-111.04005,Entire home/apt,435,2,15,2023-02-26,2.38,2,181,15,
744981219974591332,Home in Bozeman · ★5.0 · 3 bedrooms · 3 beds · 2 baths,68940904,Arrival Co,,Bozeman,45.6762697,-111.0775055,Entire home/apt,184,2,7,2023-04-10,1.51,2,280,7,
745056691089242105,Condo in Bozeman · ★5.0 · 2 bedrooms · 3 beds · 2 baths,180335326,Jessica,,Bozeman,45.687753,-111.0446275,Entire home/apt,250,1,7,2023-04-11,1.20,1,295,7,
746220224930132132,Townhouse in Bozeman · 1 bedroom · 1 bed · 1 private bath,236651471,Amber,,Bozeman,45.68291,-111.07957,Private room,100,3,0,,,1,44,0,
746272150575051077,Rental unit in Bozeman · ★4.50 · 3 bedrooms · 4 beds · 1 bath,444342086,Rory,,Bozeman,45.68094,-111.03738,Entire home/apt,325,2,6,2023-03-06,1.03,2,202,6,
746287823014723902,Guesthouse in Bozeman · ★5.0 · 1 bedroom · 2 beds · 1 bath,154200211,Alli,,Bozeman,45.66984,-111.10511,Entire home/apt,152,3,3,2023-01-10,0.50,1,296,3,
747853167329541412,Home in Bozeman · 4 bedrooms · 4 beds · 3 baths,388858579,Neil,,Bozeman,45.67692,-111.04773,Entire home/apt,200,30,1,2022-12-30,0.22,4,204,1,
749071260982402025,Home in Bozeman · ★5.0 · 3 bedrooms · 3 beds · 1.5 baths,8705857,Lydia,,Bozeman,45.68092,-111.04328,Entire home/apt,250,4,7,2023-04-24,1.96,1,31,7,
749919325924904430,Condo in Bozeman · ★4.78 · 3 bedrooms · 6 beds · 2 baths,66791481,Lauren,,Bozeman,45.70348,-111.09123,Entire home/apt,298,2,9,2023-04-09,1.80,1,292,9,
750942734997774914,Home in Bozeman · 3 bedrooms · 3 beds · 2.5 baths,168421505,Courtney,,Bozeman,45.69078433350981,-111.11072774232788,Entire home/apt,200,28,0,,,1,110,0,
751509959977511403,Guesthouse in Bozeman · ★5.0 · 1 bedroom · 1 bed · 1 bath,89160947,Sandra,,Bozeman,45.67911,-111.09922,Entire home/apt,100,1,9,2023-03-26,2.78,1,263,9,
752850020109878238,Condo in Bozeman · ★4.90 · 3 bedrooms · 3 beds · 1 bath,257892190,Julia,,Bozeman,45.66107,-111.03249,Entire home/apt,178,1,20,2023-05-04,3.43,1,174,20,
752930552967936533,Serviced apartment in Bozeman · 1 bedroom · 2 beds · 1 bath,5615582,RoomPicks,,Bozeman,45.67985,-111.02553,Entire home/apt,249,1,0,,,21,96,0,
752930861937828857,Serviced apartment in Bozeman · 1 bedroom · 2 beds · 1 bath,5615582,RoomPicks,,Bozeman,45.68003,-111.02545,Entire home/apt,249,1,0,,,21,96,0,
752931091523751477,Serviced apartment in Bozeman · 1 bedroom · 2 beds · 1 bath,5615582,RoomPicks,,Bozeman,45.68062,-111.02387,Entire home/apt,249,1,0,,,21,96,0,
752933002118414629,Serviced apartment in Bozeman · 1 bedroom · 1 bed · 1 bath,5615582,RoomPicks,,Bozeman,45.67906,-111.02507,Entire home/apt,242,1,0,,,21,96,0,
752933302936010285,Serviced apartment in Bozeman · 1 bedroom · 1 bed · 1 bath,5615582,RoomPicks,,Bozeman,45.68022,-111.02493,Entire home/apt,242,1,0,,,21,96,0,
752933558998726238,Serviced apartment in Bozeman · 1 bedroom · 1 bed · 1 bath,5615582,RoomPicks,,Bozeman,45.67866,-111.02568,Entire home/apt,242,1,0,,,21,96,0,
752935277058836297,Serviced apartment in Bozeman · 2 bedrooms · 4 beds · 2 baths,5615582,RoomPicks,,Bozeman,45.67983,-111.02524,Entire home/apt,495,1,0,,,21,93,0,
752935557605806272,Serviced apartment in Bozeman · 2 bedrooms · 4 beds · 2 baths,5615582,RoomPicks,,Bozeman,45.68071,-111.02494,Entire home/apt,495,1,0,,,21,93,0,
752935881256015206,Serviced apartment in Bozeman · 2 bedrooms · 4 beds · 2 baths,5615582,RoomPicks,,Bozeman,45.68019,-111.02546,Entire home/apt,495,1,0,,,21,93,0,
752937277313904189,Serviced apartment in Bozeman · 2 bedrooms · 2 beds · 2 baths,5615582,RoomPicks,,Bozeman,45.67914,-111.02355,Entire home/apt,483,1,0,,,21,96,0,
752937494782697864,Serviced apartment in Bozeman · 2 bedrooms · 2 beds · 2 baths,5615582,RoomPicks,,Bozeman,45.67921,-111.02354,Entire home/apt,483,1,0,,,21,96,0,
752937763354516271,Serviced apartment in Bozeman · 2 bedrooms · 2 beds · 2 baths,5615582,RoomPicks,,Bozeman,45.67871,-111.02563,Entire home/apt,483,1,0,,,21,96,0,
752939262285223271,Serviced apartment in Bozeman · 3 bedrooms · 6 beds · 3 baths,5615582,RoomPicks,,Bozeman,45.67871,-111.02439,Entire home/apt,743,1,0,,,21,0,0,
752939533242511089,Serviced apartment in Bozeman · 3 bedrooms · 6 beds · 3 baths,5615582,RoomPicks,,Bozeman,45.67883,-111.02511,Entire home/apt,743,1,0,,,21,0,0,
752939746305575348,Serviced apartment in Bozeman · 3 bedrooms · 6 beds · 3 baths,5615582,RoomPicks,,Bozeman,45.67909,-111.02562,Entire home/apt,743,1,0,,,21,0,0,
752941401218149989,Serviced apartment in Bozeman · 3 bedrooms · 3 beds · 3 baths,5615582,RoomPicks,,Bozeman,45.67877,-111.02417,Entire home/apt,724,1,0,,,21,0,0,
752941656187270818,Serviced apartment in Bozeman · 3 bedrooms · 3 beds · 3 baths,5615582,RoomPicks,,Bozeman,45.67925,-111.02398,Entire home/apt,724,1,0,,,21,0,0,
752941967022518362,Serviced apartment in Bozeman · 3 bedrooms · 3 beds · 3 baths,5615582,RoomPicks,,Bozeman,45.67934,-111.02539,Entire home/apt,724,1,0,,,21,0,0,
752943348734107688,Serviced apartment in Bozeman · 4 bedrooms · 4 beds · 4 baths,5615582,RoomPicks,,Bozeman,45.68005,-111.02441,Entire home/apt,964,1,0,,,21,0,0,
752943573576580860,Serviced apartment in Bozeman · 4 bedrooms · 4 beds · 4 baths,5615582,RoomPicks,,Bozeman,45.68026,-111.02535,Entire home/apt,964,1,0,,,21,0,0,
752944574776165036,Serviced apartment in Bozeman · 4 bedrooms · 4 beds · 4 baths,5615582,RoomPicks,,Bozeman,45.68031,-111.02419,Entire home/apt,964,1,0,,,21,0,0,
753638881457290583,Home in Bozeman · ★5.0 · 2 bedrooms · 2 beds · 2 baths,2209026,Kristen,,Bozeman,45.6846,-111.02454,Entire home/apt,269,3,10,2023-04-25,2.24,2,282,10,
756562057400552311,Guesthouse in Bozeman · ★5.0 · 1 bedroom · 1 bed · 1 bath,247540892,Shaun,,Bozeman,45.67936,-111.10375,Entire home/apt,107,2,5,2023-05-11,2.73,1,297,5,
760721591626470539,Home in Bozeman · 2 bedrooms · 2 beds · 1 bath,81733702,Erin,,Bozeman,45.65847,-111.02076,Entire home/apt,146,29,0,,,1,321,0,
761901172736042288,Guesthouse in Bozeman · ★5.0 · 1 bedroom · 1 bed · 1 private bath,159312,Ryan,,Bozeman,45.68645,-111.02773,Private room,200,1,4,2023-03-24,0.69,4,112,4,
761946989286762213,Guesthouse in Bozeman · 1 bedroom · 1 bed · 1 private bath,159312,Ryan,,Bozeman,45.68814,-111.02828,Private room,225,1,1,2022-12-05,0.19,4,88,1,
769820467123918544,Rental unit in Bozeman · 2 bedrooms · 2 beds · 2 baths,3536705,Lindsay,,Bozeman,45.64877490000001,-111.0689753,Entire home/apt,225,3,1,2022-12-28,0.22,2,23,1,
776040348517338456,Home in Bozeman · 4 bedrooms · 4 beds · 2.5 baths,420998219,Pat,,Bozeman,45.68715,-111.11636,Entire home/apt,214,3,0,,,1,9,0,
777089140263640024,Rental unit in Bozeman · ★5.0 · 2 bedrooms · 2 beds · 1 bath,15495078,Josh,,Bozeman,45.6741525,-111.0305273,Entire home/apt,186,3,6,2023-05-07,1.50,1,105,6,
779190288821368126,Rental unit in Bozeman · ★4.86 · 2 bedrooms · 3 beds · 2 baths,441896318,Payton,,Bozeman,45.66099,-111.06626,Entire home/apt,151,1,7,2023-04-29,1.41,10,364,7,
779228204397216929,Rental unit in Bozeman · ★4.80 · 2 bedrooms · 4 beds · 2 baths,441896318,Payton,,Bozeman,45.66094,-111.06655,Entire home/apt,151,1,10,2023-05-04,2.75,10,344,10,
779228493719965346,Rental unit in Bozeman · ★5.0 · 2 bedrooms · 3 beds · 2 baths,441896318,Payton,,Bozeman,45.66153,-111.06614,Entire home/apt,151,1,15,2023-05-02,3.10,10,362,15,
779242618479987421,Condo in Bozeman · ★4.92 · 2 bedrooms · 4 beds · 2 baths,441896318,Payton,,Bozeman,45.66131,-111.0667,Entire home/apt,151,1,12,2023-04-21,2.47,10,345,12,
780455121479499585,Rental unit in Bozeman · ★4.80 · 1 bedroom · 3 beds · 1 bath,9476037,Craig,,Bozeman,45.70183,-111.08768,Entire home/apt,164,3,5,2023-03-10,1.34,1,364,5,
781269260354960027,Rental unit in Bozeman · 2 bedrooms · 2 beds · 2 baths,108598734,Jean,,Bozeman,45.663605,-111.0602481,Entire home/apt,225,4,1,2023-02-20,0.36,1,9,1,
781335823078353258,Home in Bozeman · ★5.0 · 3 bedrooms · 4 beds · 2.5 baths,326083751,Alison,,Bozeman,45.6881913,-111.0753535,Entire home/apt,295,4,10,2023-05-06,2.38,1,215,10,
781437765987764411,Home in Bozeman · 1 bedroom · 1 bed · 1 shared bath,23875741,Jes,,Bozeman,45.68276,-111.08317,Private room,50,2,0,,,2,111,0,
787608442615732699,Rental unit in Bozeman · ★4.0 · 2 bedrooms · 3 beds · 1 bath,492391213,Jeremy,,Bozeman,45.67794,-111.03482,Entire home/apt,239,2,8,2023-04-24,2.31,2,252,8,
787856733290016042,Home in Bozeman · ★5.0 · 1 bedroom · 1 bed · 1 private bath,54143486,Louise,,Bozeman,45.69168,-111.11611,Private room,75,1,4,2023-05-12,1.71,1,247,4,
791968903124153834,Home in Bozeman · ★5.0 · 3 bedrooms · 5 beds · 2.5 baths,456500579,McCade,,Bozeman,45.67812,-111.0768,Entire home/apt,161,2,7,2023-05-04,2.31,3,0,7,
791974702034213602,Home in Bozeman · ★5.0 · 3 bedrooms · 5 beds · 2.5 baths,456500579,McCade,,Bozeman,45.67684,-111.07724,Entire home/apt,176,2,8,2023-03-13,2.38,3,318,8,
792657961239735749,Home in Bozeman · 6 bedrooms · 10 beds · 6 baths,456500579,McCade,,Bozeman,45.67702,-111.07794,Entire home/apt,659,1,2,2023-04-16,0.94,3,314,2,
797809064791798577,Home in Bozeman · 4 bedrooms · 5 beds · 2.5 baths,78849013,Stay Montana,,Bozeman,45.67546,-111.08568,Entire home/apt,301,1,0,,,13,342,0,
806478050525132621,Home in Bozeman · 3 bedrooms · 8 beds · 3 baths,49100757,Mary,,Bozeman,45.67391483376385,-111.03414251904907,Entire home/apt,400,3,0,,,1,33,0,
806613628933729906,Home in Bozeman · 3 bedrooms · 4 beds · 3 baths,831796,Krissy,,Bozeman,45.70588,-111.00276,Entire home/apt,250,50,0,,,1,158,0,
810105862930988714,Home in Bozeman · 3 bedrooms · 3 beds · 2.5 baths,497406107,Jessi,,Bozeman,45.64878,-111.06696,Entire home/apt,215,2,1,2023-05-02,1,1,139,1,
810234452658536098,Rental unit in Bozeman · 2 bedrooms · 2 beds · 2 baths,87300632,Liz,,Bozeman,45.66441,-111.06087,Entire home/apt,116,28,0,,,4,219,0,
810812829888263061,Townhouse in Bozeman · 3 bedrooms · 5 beds · 2.5 baths,122381278,Evolve,,Bozeman,45.68641,-111.0562,Entire home/apt,198,2,2,2023-04-03,0.90,12,311,2,
812242888359906055,Home in Bozeman · 3 bedrooms · 3 beds · 2.5 baths,10719166,Ted And Ann Marie,,Bozeman,45.689014,-111.108096,Entire home/apt,258,30,0,,,4,222,0,
812293891329597358,Rental unit in Bozeman · 1 bedroom · 2 beds · 1 bath,10719166,Ted And Ann Marie,,Bozeman,45.678108,-111.047012,Entire home/apt,182,2,0,,,4,327,0,
826101157271341724,Rental unit in Bozeman · ★5.0 · 2 bedrooms · 2 beds · 1 bath,10533936,Taylor,,Bozeman,45.676,-111.05329,Entire home/apt,143,1,4,2023-05-07,4,2,255,4,
827455719773315240,Home in Bozeman · 1 bedroom · 1 bed · 1 bath,392021028,Lexi,,Bozeman,45.67352,-111.04542,Entire home/apt,80,30,1,2023-04-30,1,1,164,1,
828372856525547623,Home in Bozeman · ★4.67 · 2 bedrooms · 4 beds · 1 bath,406871,Erin,,Bozeman,45.677804884636174,-111.04761477116395,Entire home/apt,217,2,9,2023-04-30,3.51,1,311,9,
828968996636742859,Townhouse in Bozeman · 3 bedrooms · 3 beds · 3 baths,68940904,Arrival Co,,Bozeman,45.69212,-111.11243,Entire home/apt,149,89,0,,,2,154,0,
831152233793916909,Home in Bozeman · 6 bedrooms · 6 beds · 3 baths,10533936,Taylor,,Bozeman,45.67479,-111.05178,Entire home/apt,406,3,0,,,2,310,0,
835709293703810813,Serviced apartment in Bozeman · ★4.75 · 1 bedroom · 1 bed · 1 bath,450136444,Brian,,Bozeman,45.67733,-111.04948,Entire home/apt,156,1,8,2023-05-05,3.75,1,314,8,
836180476881926941,Home in Bozeman · 3 bedrooms · 3 beds · 2.5 baths,387840480,Nick,,Bozeman,45.6590918,-111.0167162,Entire home/apt,161,30,1,2023-04-14,1,1,350,1,
836266363975017458,Guesthouse in Bozeman · 1 bedroom · 2 beds · 1 bath,492391213,Jeremy,,Bozeman,45.67702,-111.03432,Entire home/apt,153,1,2,2023-03-12,0.87,2,304,2,
836412924149333068,Rental unit in Bozeman · 2 bedrooms · 2 beds · 2 baths,441798626,Renee,,Bozeman,45.6779863,-111.05773,Entire home/apt,300,3,0,,,2,342,0,
841345412779362399,Condo in Bozeman · ★New · 2 bedrooms · 2 beds · 1 bath,104010331,Dream MT,,Bozeman,45.687753,-111.044628,Entire home/apt,471,3,2,2023-04-03,0.94,12,335,2,
841490489463124761,Home in Bozeman · ★4.71 · 2 bedrooms · 2 beds · 1 bath,388858579,Neil,,Bozeman,45.68209,-111.04189,Entire home/apt,214,2,7,2023-05-06,3.28,4,72,7,
843683310882492943,Condo in Bozeman · ★5.0 · 2 bedrooms · 3 beds · 2 baths,441896318,Payton,,Bozeman,45.67382,-111.11227,Entire home/apt,151,1,3,2023-05-09,1.58,10,360,3,
843741511466971913,Condo in Bozeman · ★5.0 · 2 bedrooms · 3 beds · 2 baths,441896318,Payton,,Bozeman,45.67491,-111.11205,Entire home/apt,151,1,11,2023-05-08,5.79,10,354,11,
843767329683138688,Condo in Bozeman · ★5.0 · 2 bedrooms · 3 beds · 2 baths,441896318,Payton,,Bozeman,45.67517,-111.11392,Entire home/apt,151,1,5,2023-04-21,2.68,10,364,5,
843789240315372626,Condo in Bozeman · ★5.0 · 2 bedrooms · 3 beds · 2 baths,441896318,Payton,,Bozeman,45.67341,-111.11308,Entire home/apt,151,1,7,2023-04-25,4.12,10,353,7,
847102522164272309,Townhouse in Bozeman · ★New · 2 bedrooms · 2 beds · 2.5 baths,492401315,Gather Vacations,,Bozeman,45.67751,-111.08168,Entire home/apt,120,1,0,,,1,46,0,
848829593971076898,Home in Bozeman · ★New · 5 bedrooms · 5 beds · 3.5 baths,127451313,Pamela,,Bozeman,45.67285,-111.0384,Entire home/apt,995,5,0,,,2,108,0,
849345148607706000,Home in Bozeman · ★New · 2 bedrooms · 2 beds · 2.5 baths,4461657,Susie,,Bozeman,45.6788,-111.05879,Entire home/apt,169,3,1,2023-04-23,1,1,40,1,
850060899218507018,Home in Bozeman · ★New · 2 bedrooms · 2 beds · 1.5 baths,505986694,Kristin,,Bozeman,45.6841905,-111.0253778,Entire home/apt,149,30,0,,,1,318,0,
855046323928635372,Home in Bozeman · ★New · 3 bedrooms · 4 beds · 2.5 baths,507016369,Kerry,,Bozeman,45.65876,-111.03341,Entire home/apt,296,3,0,,,1,299,0,
857156742828182448,Home in Bozeman · ★New · 3 bedrooms · 3 beds · 3 baths,78822707,Nora,,Bozeman,45.6453225,-111.0429906,Entire home/apt,250,30,0,,,1,256,0,
858032290192543286,Home in Bozeman · ★New · 2 bedrooms · 3 beds · 2 baths,37331595,Vacasa Montana,,Bozeman,45.68144,-111.04883,Entire home/apt,254,2,0,,,7,355,0,
861573518014634933,Townhouse in Bozeman · ★New · 3 bedrooms · 4 beds · 3 baths,104010331,Dream MT,,Bozeman,45.683294,-111.07945,Entire home/apt,0,30,0,,,12,314,0,
861573755545615872,Home in Bozeman · ★New · 3 bedrooms · 4 beds · 2 baths,104010331,Dream MT,,Bozeman,45.683499,-111.05717,Entire home/apt,193,3,0,,,12,302,0,
861755444064563786,Rental unit in Bozeman · ★New · 1 bedroom · 1 bed · 1 bath,4253627,Evelyn,,Bozeman,45.67776,-111.04365,Entire home/apt,189,2,0,,,1,1,0,
863690516487184569,Home in Bozeman · ★New · 1 bedroom · 1 bed · 1.5 baths,32162998,Sarah,,Bozeman,45.68712,-111.06688,Entire home/apt,98,1,0,,,2,1,0,
866743704687717653,Condo in Bozeman · ★New · 2 bedrooms · 3 beds · 1 bath,87300632,Liz,,Bozeman,45.6866,-111.04353,Entire home/apt,171,2,1,2023-04-30,1,4,333,1,
868764892737614986,Home in Bozeman · ★New · 3 bedrooms · 3 beds · 4 baths,22366054,Tessa,,Bozeman,45.70635794773996,-111.03875537406614,Entire home/apt,298,2,0,,,3,59,0,
869599672855821114,Rental unit in Bozeman · ★New · 1 bedroom · 1 bed · 1 bath,219491,Elinor (Ellie),,Bozeman,45.67824923242976,-111.04694545269012,Entire home/apt,86,1,0,,,3,306,0,
871253472812827687,Rental unit in Bozeman · ★New · 1 bedroom · 1 bed · 1.5 baths,370426746,Kelsey,,Bozeman,45.70167,-111.07248,Entire home/apt,96,28,0,,,1,198,0,
874123279715996557,Rental unit in Bozeman · ★New · 1 bedroom · 2 beds · 1 bath,18247242,Kevin,,Bozeman,45.65006,-111.07781,Entire home/apt,135,1,1,2023-05-12,1,1,327,1,
874657761125528795,Home in Bozeman · ★New · 3 bedrooms · 3 beds · 3 baths,10719166,Ted And Ann Marie,,Bozeman,45.68782,-111.10839,Entire home/apt,255,2,0,,,4,311,0,
875521839496363904,Home in Bozeman · ★New · 4 bedrooms · 6 beds · 3.5 baths,4884278,Kate,,Bozeman,45.67812,-111.04504,Entire home/apt,300,30,0,,,1,220,0,
876772032673798997,Home in Bozeman · ★New · 2 bedrooms · 2 beds · 1 bath,4727963,Matthew,,Bozeman,45.68361,-111.02756,Entire home/apt,177,1,0,,,1,1,0,
877001808494830060,Home in Bozeman · ★New · 3 bedrooms · 3 beds · 2 baths,386319797,Jessie,,Bozeman,45.69165,-111.09339,Entire home/apt,513,2,0,,,1,346,0,
877800533994299020,Rental unit in Bozeman · ★New · 2 bedrooms · 3 beds · 2 baths,33861244,Sten,,Bozeman,45.68622939999999,-111.0355788,Entire home/apt,205,2,0,,,1,14,0,
881902444834952415,Rental unit in Bozeman · ★New · 2 bedrooms · 2 beds · 2.5 baths,10719166,Ted And Ann Marie,,Bozeman,45.650005,-111.0686823,Entire home/apt,108,30,0,,,4,279,0,
882034883903681660,Rental unit in Bozeman · ★New · 1 bedroom · 1 bed · 1 bath,37331595,Vacasa Montana,,Bozeman,45.67747,-111.04655,Entire home/apt,165,2,0,,,7,330,0,
882035010691499792,Condo in Bozeman · ★New · 1 bedroom · 1 bed · 1 bath,37331595,Vacasa Montana,,Bozeman,45.67928,-111.04774,Entire home/apt,166,2,0,,,7,323,0,
882048163388883742,Home in Bozeman · ★New · 3 bedrooms · 2 beds · 2.5 baths,59953192,Ashley,,Bozeman,45.70615,-111.09161,Entire home/apt,175,21,0,,,1,79,0,
883389619523678266,Home in Bozeman · ★New · 3 bedrooms · 3 beds · 2.5 baths,478163656,Steve,,Bozeman,45.67829,-111.07806,Entire home/apt,160,3,0,,,1,77,0,
883727695735208330,Home in Bozeman · ★New · 1 bedroom · 1 bed · 1.5 baths,513072847,Nicholas,,Bozeman,45.687623262626595,-111.0566309094429,Private room,56,1,0,,,1,3,0,
884064750408569156,Home in Bozeman · ★New · 3 bedrooms · 3 beds · 3 baths,485556286,Barbara,,Bozeman,45.6475576,-111.0683446,Entire home/apt,143,30,0,,,1,276,0,
884106583554500961,Guesthouse in Bozeman · ★New · 2 bedrooms · 3 beds · 1 bath,42294252,Ted,,Bozeman,45.6840083,-111.1008377,Entire home/apt,110,3,0,,,1,12,0,
886260834554889974,Home in Bozeman · ★New · 3 bedrooms · 3 beds · 2.5 baths,392160899,Amy,,Bozeman,45.68416,-111.1023,Entire home/apt,325,3,0,,,1,79,0,
886294351568966099,Home in Bozeman · ★New · 4 bedrooms · 4 beds · 2.5 baths,147570980,Catherine,,Bozeman,45.6727,-111.04027,Entire home/apt,400,30,0,,,2,296,0,
887744083816060888,Rental unit in Bozeman · ★New · 2 bedrooms · 3 beds · 2 baths,13164558,Nancy,,Bozeman,45.6827098,-111.0226566,Entire home/apt,225,14,0,,,1,212,0,
888674437339033450,Rental unit in Bozeman · ★New · 1 bedroom · 1 bed · 1 bath,87352080,Rebeccah,,Bozeman,45.68474,-111.08057,Entire home/apt,139,1,0,,,1,120,0,
